Email,Name,ESP
brijeshduwww@hotmail.com,brijesh,Hotmail
nelsonmandelacroop@outlook.com,Nelson Mandela,Outlook
tunerelizabeth@outlook.com,Elizabeth Mary,Outlook
poppyellamia@outlook.com,Poppy Ella,Outlook
ajay.sharma1107@outlook.com,Ajay Sharma,Outlook
brijehsdwwdew@outlook.com,brijesh,Outlook
robartdev123@outlook.com,robart dev,Outlook
thor1012023@outlook.com,Vaibhav Jain,Outlook
kunal20231@outlook.com,Kunal Jain,Outlook
kunaljain2023@outlook.com,Kunal Jain,Outlook
carolineisla@yahoo.com,Anurag Johri,Yahoo
ricaesmeralda@yahoo.com,Anurag Johri,Yahoo
vaibhavjain281@outlook.com,Anurag Johri,Outlook
anurag.johri003@outlook.com,Anurag Johri,Outlook
anurag.johri004@outlook.com,Anurag Johri,Outlook
anurag.johri005@outlook.com,Anurag Johri,Outlook
suman.noida@outlook.com,Suman,Outlook
robartdev123@outlook.com,robart dev,Outlook
brijesh.patel123@outlook.com,Shivani,Outlook
linda.patricia@goxemaildeliver.com,Linda,Gsuite
lindapatricia@goxemaildeliver.com,Linda,Gsuite
linda.patricia@runxemaildeliver.com,Linda,Gsuite
lindapatricia@runxemaildeliver.com,Linda,Gsuite
patricia.linda@tryxemaildeliver.com,Linda,Gsuite
lindapatricia@tryxemaildeliver.com,Linda,Gsuite
linda.patricia@tryxemaildeliverlabs.com,Linda,Gsuite
lindapatricia@tryxemaildeliverlabs.com,Linda,Gsuite
linda.patricia@xemaildeliverlabs.com,Linda,Gsuite
lindapatricia@xemaildeliverlabs.com,Linda,Gsuite
linda.p@goxemaildeliver.com,Linda,Gsuite
linda.p@runxemaildeliver.com,Linda,Gsuite
linda.p@tryxemaildeliver.com,Linda,Gsuite
linda.p@tryxemaildeliverlabs.com,Linda,Gsuite
linda.p@xemaildeliverlabs.com,Linda,Gsuite
patriciabm@xemaildeliveryreport.com,Linda,Gsuite
Patricia@emaildeliveryreport.com,Linda,Gsuite
l.Patricia@emaildeliveryreport.net,Linda,Gsuite
lindaPatricia@xemaildeliveryreport.com,Linda,Gsuite
Linda@xemaildeliveryreport.com,Linda,Gsuite
linda.patricia@xemaildeliveryreport.com,Linda,Gsuite
xgrowth@xleadsconsulting.com,Linda,Pro - Outlook
brijesh@xleadsconsulting.com,Linda,Pro - Outlook
test@xleadsconsulting.com,Linda,Pro - Outlook
warmup@xleadsconsulting.com,Linda,Pro - Outlook
anurag@xleadsconsulting.com,Linda,Pro - Outlook
vaibhav@xleadsconsulting.com,Linda,Pro - Outlook
shivani@xleadsconsulting.com,Linda,Pro - Outlook
mahendra@xleadsconsulting.com,Linda,Pro - Outlook
lakhendra@xleadsconsulting.com,Linda,Pro - Outlook
xgrowthtech@xleadsconsulting.com,Linda,Pro - Outlook
brijesh@xleadoutreach.com,Linda,Pro - Outlook
audit@xleadoutreach.com,Linda,Pro - Outlook
warmup@xleadoutreach.com,Linda,Pro - Outlook
test@xleadoutreach.com,Linda,Pro - Outlook
anurag@xleadoutreach.com,Linda,Pro - Outlook
vaibhav@xleadoutreach.com,Linda,Pro - Outlook
shivani@xleadoutreach.com,Linda,Pro - Outlook
mahendra@xleadoutreach.com,Linda,Pro - Outlook
lakhendra@xleadoutreach.com,Linda,Pro - Outlook
xgrowthtech@xleadoutreach.com,Linda,Pro - Outlook
lipatricia@emaildeliveryreport.com,Linda,Gsuite
lpatricia@emaildeliveryreport.com,Linda,Gsuite
linda.patricia@emaildeliveryreport.com,Linda,Gsuite
lindaPatricia@emaildeliveryreport.com,Linda,Gsuite
liPatricia@xemaildeliveryreport.com,Linda,Gsuite
linda.Patricia@maildeliveryreport.com,Linda,Gsuite
lindapatricia@maildeliveryreport.com,Linda,Gsuite
linda.p@maildeliveryreport.com,Linda,Gsuite
patriciabm@maildeliveryreport.com,Linda,Gsuite
linda@maildeliveryreport.com,Linda,Gsuite
sapnamanjhi4384@gmail.com,Sapna Manjhi,Gmail
jhak9051@gmail.com,kartik jha,Gmail
muskansharmaq9955@gmail.com,muskan sharma,Gmail
rashiddalii876@gmail.com,rashid ali,Gmail
rahulyadave810@gmail.com,rahul yadav,Gmail
kushwahnikita0000@gmail.com,Nikita,Gmail
kushwahsumit953@gmail.com,sumit kushwah,Gmail
nitinkushwah9302783965@gmail.com,Nitin Kushwah,Gmail
kushwah7828303622@gmail.com,nitin kushwah,Gmail
kushwahnitin302@gmail.com,nitin kushwah,Gmail
lakhenderkushwaha@gmail.com,Lakhender Kushwaha,Gmail
mahenderkushwaha04@gmail.com,Mahender Kushwaha,Gmail
hs4126049@gmail.com,Harshit Sharma,Gmail
brijeshtestmail@gmail.com,brijesh,Gmail
rajkesharwe@gmail.com,brijesh,Gmail
yadavbrijemail@gmail.com,brijesh,Gmail
mohanrov12321@gmail.com,brijesh,Gmail
rajmanototra132@gmail.com,brijesh,Gmail
mukeshjha212121@gmail.com,brijesh,Gmail
brijeshpatel5558@gmail.com,brijesh,Gmail
mittaltaniya62@gmail.com,taniya,Gmail
mta872679@gmail.com,taniya,Gmail
bajajsheena900@gmail.com,Sheena Bajaj,Gmail
samipatricia6@gmail.com,Sami Patricia,Gmail
vj8250965@gmail.com,Vaibhav Jain,Gmail
kaustubhrai1402@gmail.com,Kaustub,Gmail
brijesh3232445@gmail.com,Brijesh Patel,Gmail
manoharyaduvansi06@gmail.com,Mohan,Gmail
rajputverendra965@gmail.com,verendra rajput,Gmail
gauravmanjhi481@gmail.com,gaurav manjhi,Gmail
mahorekajal752@gmail.com,kajal Mahore,Gmail
malaikaarora983475@gmail.com,Malaika Arora,Gmail
houseisitter@gmail.com,House Sitter,Gmail
anrewmark5@gmail.com,Anrew Mark,Gmail
vardahenclave@gmail.com,Vardah Enclave,Gmail
anurag.johri002@gmail.com,Anurag Johri,Gmail
rheadutta096@gmail.com,Rhea Dutta,Gmail
patelmukesh23e3@gmail.com,Patel,Gmail
jaunpatelsdw33@gmail.com,Patel,Gmail
rayneeshkutla@gmail.com,Rayneesh,Gmail
Bhattaliaa0101@gmail.com,Bhatt,Gmail
vj410764@gmail.com,Vaibhav Jain,Gmail
j31617916@gmail.com,Jameson,Gmail
kareenakapoor6448@gmail.com,Kareena,Gmail
tmm003937@gmail.com,Taniya,Gmail
tmittal838@gmail.com,mittal taniya,Gmail
