Name,emaik,Number,,ZB Status,ZB Sub status,ZB Account,ZB Domain,ZB First Name,ZB Last Name,ZB Gender,ZB Free Email,ZB MX Found,ZB MX Record,ZB SMTP Provider,ZB Did You Mean
AJ Hoover,huckgoggles@gmail.com,5413610617,206-313-4515,valid,,huckgoggles,gmail.com,,,,TRUE,TRUE,alt1.gmail-smtp-in.l.google.com,google,
Fumiko Jenkins,fumiko22@hotmail.com,4058211191,206-313-4515,invalid,mailbox_not_found,fumiko22,hotmail.com,,,,TRUE,TRUE,hotmail-com.olc.protection.outlook.com,microsoft,
Mike Russell,mikerussell@dougrussell.com,5087914917,,invalid,does_not_accept_mail,mikerussell,dougrussell.com,,,,FALSE,TRUE,mail.dougrussell.com,,
April de Haan,april@brydge.com,4356405030,,valid,,april,brydge.com,,,,FALSE,TRUE,aspmx.l.google.com,g-suite,
Colm O\'Kane,colm.okane@gmail.com,353 86 3148726,,valid,,colmokane,gmail.com,colm,okane,male,TRUE,TRUE,alt1.gmail-smtp-in.l.google.com,google,
Amanda Baldor,amanda.baldor@delos.com,,,invalid,mailbox_not_found,amandabaldor,delos.com,amanda,baldor,female,FALSE,TRUE,aspmx.l.google.com,g-suite,
George,george@iwalldock.com,425-505-1100,5194950464,valid,,george,iwalldock.com,,,,FALSE,TRUE,aspmx.l.google.com,g-suite,
Albana,albanaprekuli@aol.com,9148307786,405-320-0801,valid,,albanaprekuli,aol.com,,,,TRUE,TRUE,mx-aol.mail.gm0.yahoodns.net,yahoo,
Jesse Asklund,jesse@saucesubscription.com,2817774405,206-313-4515,do_not_mail,mx_forward,jesse,saucesubscription.com,,,,FALSE,TRUE,route3.mx.cloudflare.net,,
Sacha Granger,cheesecake_cupcakes@yahoo.com,3107746701,206-313-4515,valid,,cheesecake_cupcakes,yahoo.com,,,,TRUE,TRUE,mta5.am0.yahoodns.net,yahoo,
Anna Erasmus,anna@tamborinelavender.com.au,439188696,7067268775,valid,,anna,tamborinelavender.com.au,,,,FALSE,TRUE,mx10.antispam.mailspamprotection.com,siteground,
LaTisha Pickett,blueroseconfections@gmail.com,757-726-3302,7067268775,valid,,blueroseconfections,gmail.com,,,,TRUE,TRUE,alt1.gmail-smtp-in.l.google.com,google,
Kimberly Washington,kimcolove80@gmail.com,5043908825,8182039507,valid,,kimcolove80,gmail.com,Kimberly,Washington,female,TRUE,TRUE,alt1.gmail-smtp-in.l.google.com,google,
Nick,ncornett@kickxswap.com,9165449322,8182039507,invalid,does_not_accept_mail,ncornett,kickxswap.com,,,,FALSE,FALSE,,,
Raquel Gutierrez,queltzincosmetics@gmail.com,6266417088,7605182431,valid,,queltzincosmetics,gmail.com,,,,TRUE,TRUE,alt1.gmail-smtp-in.l.google.com,google,
Julie,candlehauscandleco@gmail.com,2533344093,,valid,,candlehauscandleco,gmail.com,,,,TRUE,TRUE,alt1.gmail-smtp-in.l.google.com,google,
Vi Henderson,macandcream@gmail.com,6822262141,,valid,,macandcream,gmail.com,,,,TRUE,TRUE,alt1.gmail-smtp-in.l.google.com,google,
Cindy,wholesale@fulkersonwinery.com,5857215031,,invalid,mailbox_not_found,wholesale,fulkersonwinery.com,,,,FALSE,TRUE,aspmx.l.google.com,g-suite,
Ike,northstarpro2006@gmail.com,5165261181,954.817.4767,valid,,northstarpro2006,gmail.com,,,,TRUE,TRUE,alt1.gmail-smtp-in.l.google.com,google,
Mirko D\'Alessio,trinitaly17@gmail.com,8687868985,954.817.4767,valid,,trinitaly17,gmail.com,,,,TRUE,TRUE,alt1.gmail-smtp-in.l.google.com,google,
Hunter,hunter@igniteyoursupplychain.com,404-717-5883,954.817.4767,invalid,no_dns_entries,hunter,igniteyoursupplychain.com,,,,FALSE,FALSE,,,
Fer Espinosa Braniff,fer@cosmetic-colors.com,202322042,954.817.4767,invalid,mailbox_not_found,fer,cosmetic-colors.com,,,,FALSE,TRUE,cosmeticcolors-com02b.mail.protection.outlook.com,microsoft,
Ryo Takamoto,ryo@shinsengumigroup.com,3103080349,954.817.4767,valid,,ryo,shinsengumigroup.com,,,,FALSE,TRUE,aspmx.l.google.com,g-suite,
Kim,kimi.ttp@gmail.com,,954.817.4767,valid,,kimittp,gmail.com,kimi,ttp,female,TRUE,TRUE,alt1.gmail-smtp-in.l.google.com,google,
Jennifer Louise,j_dizzy03@yahoo.com,5712477380,4052689221,valid,,j_dizzy03,yahoo.com,,,,TRUE,TRUE,mta5.am0.yahoodns.net,yahoo,
Emmanuel,kandvprod@gmail.com,9567561496,,valid,,kandvprod,gmail.com,,,,TRUE,TRUE,alt1.gmail-smtp-in.l.google.com,google,
Anna Rosales,gaby_gallardo17@hotmail.com,8182618364,4432350029,valid,,gaby_gallardo17,hotmail.com,,,,TRUE,TRUE,hotmail-com.olc.protection.outlook.com,microsoft,
Jonathan Friedman,jonathan9271@gmail.com,4086057712,4432350029,valid,alternate,jonathan9271,gmail.com,Jonathan,Friedman,male,TRUE,TRUE,alt1.gmail-smtp-in.l.google.com,google,
Ziba,Zibasabet2011@gmail.com,,,valid,,zibasabet2011,gmail.com,,,,TRUE,TRUE,alt1.gmail-smtp-in.l.google.com,google,
Cherish Lytle,cherish@mybuskins.com,7147855126,413-519-1524,invalid,does_not_accept_mail,cherish,mybuskins.com,,,,FALSE,FALSE,,,
,coop.image@yahoo.com,9857223280,413-519-1524,valid,,coop.image,yahoo.com,,,,TRUE,TRUE,mta6.am0.yahoodns.net,yahoo,
Ciera Kelley,cierakelley08@gmail.com,5012476012,7162286855,valid,,cierakelley08,gmail.com,Arthur,Dragone,male,TRUE,TRUE,alt1.gmail-smtp-in.l.google.com,google,
Drew Beougher,drew@safeppeus.com,816-678-5449,,catch-all,,drew,safeppeus.com,,,,FALSE,TRUE,safeppeus-com.mail.protection.outlook.com,microsoft,
Scott Camilli,scott@wanderbroth.com,3107300037,6786166627,invalid,mailbox_not_found,scott,wanderbroth.com,,,,FALSE,TRUE,aspmx.l.google.com,g-suite,
Joyce Chow,jtc@drizen-dohs.com,818-772-9555,,valid,,jtc,drizen-dohs.com,,,,FALSE,TRUE,mx1c28.carrierzone.com,carrier zone,
Heather Bennett,heathernoellebennett@gmail.com,5857481282,,valid,,heathernoellebennett,gmail.com,,,,TRUE,TRUE,alt1.gmail-smtp-in.l.google.com,google,
Karen,karen@palmorganix.com,8557256223,8182039507,valid,,karen,palmorganix.com,,,,FALSE,TRUE,mx1-us1.ppe-hosted.com,proofpoint,
Jeff,customerservice@jeffsbesthemp.com,5628811587,8182039507,do_not_mail,role_based,customerservice,jeffsbesthemp.com,,,,FALSE,TRUE,jeffsbesthemp-com.mail.protection.outlook.com,microsoft,
Shannon Di Russo,Shannonsashacampbell@gmail.com,5628811587,,valid,,shannonsashacampbell,gmail.com,,,,TRUE,TRUE,alt1.gmail-smtp-in.l.google.com,google,
Allison,allisonhouston20@gmail.com,5183343113,,invalid,mailbox_quota_exceeded,allisonhouston20,gmail.com,,,,TRUE,TRUE,alt1.gmail-smtp-in.l.google.com,google,
NICOLAS,nicolas@sabaxter.com,2293086993,,invalid,mailbox_not_found,nicolas,sabaxter.com,,,,FALSE,TRUE,sabaxter-com.mail.protection.outlook.com,microsoft,
Celeste Perez,celesterperez11@gmail.com,7324016867,9105850836,valid,,celesterperez11,gmail.com,,,,TRUE,TRUE,alt1.gmail-smtp-in.l.google.com,google,
Ome,snackvoyage@gmail.com,512-865-0355,9105850836,valid,,snackvoyage,gmail.com,,,,TRUE,TRUE,alt1.gmail-smtp-in.l.google.com,google,
Maria,admin@ideamakers.net,7203695423,,do_not_mail,role_based,admin,ideamakers.net,,,,FALSE,TRUE,aspmx.l.google.com,g-suite,
Allison Inesta,allison@promolabtx.com,3056153320,,catch-all,,allison,promolabtx.com,,,,FALSE,TRUE,mx1-us1.ppe-hosted.com,proofpoint,
David,d.evans72@icloud.com,4757474028,,valid,,d.evans72,icloud.com,,,,TRUE,TRUE,mx02.mail.icloud.com,apple,
Sarah Culclasure,sarah@riddledesignco.com,9098212400,714-470-8696,valid,,sarah,riddledesignco.com,,,,FALSE,TRUE,aspmx.l.google.com,g-suite,
Jeffrey Welch,jeffmwelch@yahoo.com,8649336613,714-470-8696,abuse,,jeffmwelch,yahoo.com,,,,TRUE,TRUE,mta5.am0.yahoodns.net,yahoo,
Adam,adam@mantisx.com,2148936241,714-470-8696,valid,,adam,mantisx.com,,,,FALSE,TRUE,aspmx.l.google.com,g-suite,
Romina,r_andrea_ltr@hotmail.com,,714-470-8696,valid,,r_andrea_ltr,hotmail.com,,,,TRUE,TRUE,hotmail-com.olc.protection.outlook.com,microsoft,
John Havel,john@tactileturn.com,,714-470-8696,valid,,john,tactileturn.com,,,,FALSE,TRUE,aspmx.l.google.com,g-suite,
Mary Shoemaker,mary@duckandrose.com,2102745854,714-470-8696,invalid,mailbox_not_found,mary,duckandrose.com,,,,FALSE,TRUE,mx01.mail.icloud.com,apple,
kasama thampiruk,fotostreet@hotmail.com,4803070700,714-470-8696,valid,,fotostreet,hotmail.com,,,,TRUE,TRUE,hotmail-com.olc.protection.outlook.com,microsoft,
Van Burnham,van@supercade.com,6197926914,714-470-8696,catch-all,,van,supercade.com,,,,FALSE,TRUE,mx1.mailchannels.net,,
Lucinda Jane,luce@jewelrythis.com,3106501999,714-470-8696,valid,,luce,jewelrythis.com,,,,FALSE,TRUE,aspmx.l.google.com,g-suite,
DELILAH,delilahko@sacredmayangods.com,836519042,5165891806,invalid,no_dns_entries,delilahko,sacredmayangods.com,,,,FALSE,FALSE,,,
Julie Lautz,juliekeverhart@gmail.com,7142490272,,valid,,juliekeverhart,gmail.com,,,,TRUE,TRUE,alt1.gmail-smtp-in.l.google.com,google,
Jean Kuhn,jean@jeankuhn.co,9712124537,7067268775,invalid,no_dns_entries,jean,jeankuhn.co,,,,FALSE,FALSE,,,
Ben,bspoelhof@amystormandco.com,,7067268775,invalid,mailbox_not_found,bspoelhof,amystormandco.com,,,,FALSE,TRUE,amystormandco-com.mail.protection.outlook.com,microsoft,
Jesse Enciso,jesseenciso7@gmail.com,6303024929,9105850836,valid,,jesseenciso7,gmail.com,,,,TRUE,TRUE,alt1.gmail-smtp-in.l.google.com,google,
MIke Smolka,info@photofinishracing.net,6304740307,9105850836,do_not_mail,role_based_catch_all,info,photofinishracing.net,,,,FALSE,TRUE,photofinishracing-net.mail.protection.outlook.com,microsoft,
Dan Barron,dan@maplevalley.coop,9517967931,8182039507,valid,,dan,maplevalley.coop,,,,FALSE,TRUE,aspmx.l.google.com,g-suite,
koid starks,take1ads@gmail.com,4802969375,418-780-3335,valid,,take1ads,gmail.com,,,,TRUE,TRUE,alt1.gmail-smtp-in.l.google.com,google,
Madison Middle,madison@fivestarortho.com,8155413261,418-780-3335,valid,,madison,fivestarortho.com,,,,FALSE,TRUE,fivestarortho-com.mail.protection.outlook.com,microsoft,
Jeff Henderson,jeff@scrummymunch.com,9169104258,418-780-3335,valid,,jeff,scrummymunch.com,,,,FALSE,TRUE,aspmx.l.google.com,g-suite,
LINDSAY LAMLEY,lindsay@doughgirlconfections.com,18005212351,418-780-3335,valid,,lindsay,doughgirlconfections.com,,,,FALSE,TRUE,aspmx.l.google.com,g-suite,
Barbara Zobrist,jason.haslob@nninc.com,5127134783,9105850836,invalid,mailbox_not_found,jason.haslob,nninc.com,jason,haslob,male,FALSE,TRUE,nninc-com.mail.protection.outlook.com,microsoft,
Alexander Cheung,alexcheung28@hotmail.com,2396824429,9105850836,valid,,alexcheung28,hotmail.com,,,,TRUE,TRUE,hotmail-com.olc.protection.outlook.com,microsoft,
Zack,voirvisionco@gmail.com,2033367497,,valid,,voirvisionco,gmail.com,,,,TRUE,TRUE,alt1.gmail-smtp-in.l.google.com,google,
Marylene Kyriazis,marylenek@gmail.com,6266365716,,valid,,marylenek,gmail.com,,,,TRUE,TRUE,alt1.gmail-smtp-in.l.google.com,google,
Siham Jamai,darjamai17@gmail.com,,3854983577,valid,,darjamai17,gmail.com,Siham,Jamai,,TRUE,TRUE,alt1.gmail-smtp-in.l.google.com,google,
Robyn Sarile,rsarile456@yahoo.com,7783840474,587-686-0288,valid,alternate,rsarile456,yahoo.com,,,,TRUE,TRUE,mta7.am0.yahoodns.net,yahoo,
Arend Westra,arend.westra@gmail.com,85872348,,valid,,arendwestra,gmail.com,arend,westra,male,TRUE,TRUE,alt1.gmail-smtp-in.l.google.com,google,
mikeal,mikeal@ecohempwholesale.com,2134580774,,invalid,no_dns_entries,mikeal,ecohempwholesale.com,,,,FALSE,FALSE,,,
Malala,malalarebecca3434@gmail.com,8584618550,,valid,alternate,malalarebecca3434,gmail.com,,,,TRUE,TRUE,alt1.gmail-smtp-in.l.google.com,google,
Monique,mrterry09@gmail.com,,8182039507,valid,,mrterry09,gmail.com,,,,TRUE,TRUE,alt1.gmail-smtp-in.l.google.com,google,
Laura,laura@nova-jewellery.co.uk,3106501999,,invalid,no_dns_entries,laura,nova-jewellery.co.uk,,,,FALSE,FALSE,,,
Taylor,taylor@asraigarden.com,233249175898,,invalid,mailbox_not_found,taylor,asraigarden.com,,,,FALSE,TRUE,aspmx.l.google.com,g-suite,
Richard,richard-azar@outlook.com,7034083097,,valid,,richard-azar,outlook.com,,,,TRUE,TRUE,outlook-com.olc.protection.outlook.com,microsoft,
Rachel,Conciergeskin@gmail.com,,,valid,,conciergeskin,gmail.com,,,,TRUE,TRUE,alt1.gmail-smtp-in.l.google.com,google,
Giftology,Giftologygoods@gmail.com,,6784272299,valid,,giftologygoods,gmail.com,,,,TRUE,TRUE,alt1.gmail-smtp-in.l.google.com,google,
Kacey Williams,sales@kickybox.com,424-380-3155,6784272299,invalid,no_dns_entries,sales,kickybox.com,,,,FALSE,FALSE,,,
Karla Hernandez,Karla@nightowlcookieco.com,,6784272299,invalid,mailbox_not_found,karla,nightowlcookieco.com,,,,FALSE,TRUE,aspmx.l.google.com,g-suite,
Conrad Lamour,info@conradlamour.com,,,do_not_mail,role_based_catch_all,info,conradlamour.com,,,,FALSE,TRUE,mx5.biz.mail.yahoo.com,,
joses,wongjoses@gmail.com,(407)747-2754,,valid,,wongjoses,gmail.com,,,,TRUE,TRUE,alt1.gmail-smtp-in.l.google.com,google,
Jose,alfcomputacion@gmail.com,6175290907,,valid,,alfcomputacion,gmail.com,Jose,Rosas,male,TRUE,TRUE,alt1.gmail-smtp-in.l.google.com,google,
Nickalia Kinkead,nickalia.kinkead@gmail.com,(407)747-2754,(919) 260-0603,valid,,nickaliakinkead,gmail.com,,,,TRUE,TRUE,alt1.gmail-smtp-in.l.google.com,google,
Grace,happy@deservedhappiness.com,610-613-3960,9105850836,catch-all,,happy,deservedhappiness.com,,,,FALSE,TRUE,deservedhappiness-com.mail.protection.outlook.com,microsoft,
,bbridalmakeup@gmail.com,,,valid,,bbridalmakeup,gmail.com,,,,TRUE,TRUE,alt1.gmail-smtp-in.l.google.com,google,
Fady Gharib,fggharib35@gmail.com,,,valid,,fggharib35,gmail.com,,,,TRUE,TRUE,alt1.gmail-smtp-in.l.google.com,google,
Chris Eddlemon,chris@findyourcur.com,8765428450,,invalid,mailbox_not_found,chris,findyourcur.com,,,,FALSE,TRUE,aspmx.l.google.com,g-suite,
Karthik Kaleedhass,kar@karsofsystems.com,,9105850836,valid,,kar,karsofsystems.com,,,,FALSE,TRUE,hello.g.myonline.zone,,
Eric,beste@radial.com,,,catch-all,,beste,radial.com,,,,FALSE,TRUE,mxa-00314801.gslb.pphosted.com,proofpoint,
Cece,Allimrac@outlook.com,353879472226,,valid,,allimrac,outlook.com,,,,TRUE,TRUE,outlook-com.olc.protection.outlook.com,microsoft,
Jessica,jessica@jessicanailsupply.com,9739780002,4432350029,valid,,jessica,jessicanailsupply.com,,,,FALSE,TRUE,aspmx.l.google.com,g-suite,
Arend,arend@erthefoods.com,,,invalid,no_dns_entries,arend,erthefoods.com,,,,FALSE,FALSE,,,
Brenda,brenda@provencalbakery.com,2816277833,,catch-all,,brenda,provencalbakery.com,,,,FALSE,TRUE,mx-biz.mail.am0.yahoodns.net,yahoo,
Barbara,barbara.crawforddesigns@comcast.net,859.620-9922,7047462363,valid,,barbara.crawforddesigns,comcast.net,barbara,crawforddesigns,female,TRUE,TRUE,mx1.mxge.comcast.net,comcast,
Nathan,nathan_lillie@yahoo.com,,3172964951,valid,,nathan_lillie,yahoo.com,,,,TRUE,TRUE,mta6.am0.yahoodns.net,yahoo,
Addilen Martinez,addymartinez58@gmail.com,416-666-1556,,valid,,addymartinez58,gmail.com,Addilen,Martinez,,TRUE,TRUE,alt1.gmail-smtp-in.l.google.com,google,
JING PALASIGUE,chef_jingkeyk@yahoo.com,858.663.7829,985-718-1466,invalid,mailbox_not_found,chef_jingkeyk,yahoo.com,Eurico,Palasigue,,TRUE,TRUE,mta5.am0.yahoodns.net,yahoo,
TRABELSI,marketing@myticandles.fr,,985-718-1466,do_not_mail,role_based,marketing,myticandles.fr,,,,FALSE,TRUE,mta-gw.infomaniak.ch,,
Tom,cbday2@gmail.com,8166739081,985-718-1466,valid,,cbday2,gmail.com,,,,TRUE,TRUE,alt1.gmail-smtp-in.l.google.com,google,
Donna DeSantis,dmdesantis@icloud.com,4253504324,,valid,,dmdesantis,icloud.com,,,,TRUE,TRUE,mx02.mail.icloud.com,apple,
Mitch Potvin,mitch.potvin@yahoo.com,2816277833,,valid,,mitch.potvin,yahoo.com,mitch,potvin,male,TRUE,TRUE,mta5.am0.yahoodns.net,yahoo,
Sandra,marshallhmmadegoodies@gmail.com,305)336-0935,5163046733,valid,,marshallhmmadegoodies,gmail.com,,,,TRUE,TRUE,alt1.gmail-smtp-in.l.google.com,google,
fumi,thepurpleroot831@gmail.com,8478774435,(919) 260-0603,valid,alternate,thepurpleroot831,gmail.com,,,,TRUE,TRUE,alt1.gmail-smtp-in.l.google.com,google,
Valerie,Valerie.Benites@loreal.com,,(919) 260-0603,valid,,valerie.benites,loreal.com,valerie,benites,female,FALSE,TRUE,mxb-002fa101.gslb.pphosted.com,proofpoint,
Cayley Walker,cayleywalker98@gmail.com,7067268775,708-336-0657,valid,,cayleywalker98,gmail.com,,,,TRUE,TRUE,alt1.gmail-smtp-in.l.google.com,google,
Mike,mail@sf-notifications.com,862-284-8308,,invalid,no_dns_entries,mail,sf-notifications.com,,,,FALSE,FALSE,,,
DAN GRANT,drdangrant@hotmail.com,289 527 6414,6176318401,valid,,drdangrant,hotmail.com,,,,TRUE,TRUE,hotmail-com.olc.protection.outlook.com,microsoft,
Robert,modulargameshq@gmail.com,(228) 284-9179,,valid,,modulargameshq,gmail.com,Robert,Granford,male,TRUE,TRUE,alt1.gmail-smtp-in.l.google.com,google,
Tim,timothy.vevoda@gmail.com,2816277833,,valid,,timothyvevoda,gmail.com,timothy,vevoda,male,TRUE,TRUE,alt1.gmail-smtp-in.l.google.com,google,
Jamila,info@sheebli.com,929-234-8261,216.644.0216,do_not_mail,role_based_catch_all,info,sheebli.com,,,,FALSE,TRUE,sheebli.com,,
INDYA DURHAM,indyadurham@gmail.com,305-970-0590,5082089825,valid,,indyadurham,gmail.com,,,,TRUE,TRUE,alt1.gmail-smtp-in.l.google.com,google,
MARIE-HELENE,info@bebefafa.ca,305-970-0590,8687868985,do_not_mail,role_based,info,bebefafa.ca,,,,FALSE,TRUE,bebefafa-ca.mail.protection.outlook.com,microsoft,
Sarah,sahara@promosupplyhouse.com,,,valid,,sahara,promosupplyhouse.com,,,,FALSE,TRUE,aspmx.l.google.com,g-suite,
Edwin Molina,edwin.molina@benjaminmoore.com,847-830-3157,,catch-all,,edwin.molina,benjaminmoore.com,edwin,molina,male,FALSE,TRUE,mxa-00327b01.gslb.pphosted.com,proofpoint,
Natalia Vilas Boas,natalia@ensomatcha.co.uk,6025022602,,invalid,does_not_accept_mail,natalia,ensomatcha.co.uk,,,,FALSE,FALSE,,,
Laneshia Sutton,Suttonmakesscents@gmail.com,2165434962,,valid,,suttonmakesscents,gmail.com,,,,TRUE,TRUE,alt1.gmail-smtp-in.l.google.com,google,
Ashley,info@merakiskincare.ca,2165434962,,invalid,no_dns_entries,info,merakiskincare.ca,,,,FALSE,FALSE,,,
Charlie,charlie@milesfoundation.org,(541)727-8981,,valid,,charlie,milesfoundation.org,,,,FALSE,TRUE,aspmx.l.google.com,g-suite,
Paris,paris.too@gmail.com,204-293-2292,,valid,,paristoo,gmail.com,paris,too,male,TRUE,TRUE,alt1.gmail-smtp-in.l.google.com,google,
Larisha,centralrxnypharmacy@gmail.com,4122779276,,valid,,centralrxnypharmacy,gmail.com,,,,TRUE,TRUE,alt1.gmail-smtp-in.l.google.com,google,
malak abaza,malak.abaza@3ddx.com,5142139000,,valid,,malakabaza,3ddx.com,malak,abaza,male,FALSE,TRUE,aspmx.l.google.com,g-suite,
Portia Samardzich,portiasamardzich@gmail.com,877-456-0637,,valid,,portiasamardzich,gmail.com,,,,TRUE,TRUE,alt1.gmail-smtp-in.l.google.com,google,
Candice,kandake@kuretea.org,201-509-1643,,valid,,kandake,kuretea.org,,,,FALSE,TRUE,aspmx.l.google.com,g-suite,
Megan,datenightdeliveredwpg@gmail.com,00(34) 667300187,,valid,,datenightdeliveredwpg,gmail.com,,,,TRUE,TRUE,alt1.gmail-smtp-in.l.google.com,google,
Christina,chitchcock@advisoryboardinc.com,267-235-8048,,catch-all,,chitchcock,advisoryboardinc.com,,,,FALSE,TRUE,east.smtp.mx.o365.serverdata.net,,
Lisa,lisa@gunskins.com,267-235-8048,504-606-9405,valid,,lisa,gunskins.com,,,,FALSE,TRUE,aspmx.l.google.com,g-suite,
amanda,amanda@carworx.net,,708-280-5885,valid,,amanda,carworx.net,,,,FALSE,TRUE,carworx-net.mail.protection.outlook.com,microsoft,
Kim,kimkessler@outlook.com,8478789685,9166128320,valid,,kimkessler,outlook.com,,,,TRUE,TRUE,outlook-com.olc.protection.outlook.com,microsoft,
Emily,emily@go-staff.com,7144708696,,valid,,emily,go-staff.com,,,,FALSE,TRUE,aspmx.l.google.com,g-suite,
Kenneth,ken@incluziv.ca,7182234593,,invalid,mailbox_not_found,ken,incluziv.ca,,,,FALSE,TRUE,aspmx.l.google.com,g-suite,
JOE,joe@silkandjade.com,1-866-834-7925,,valid,,joe,silkandjade.com,,,,FALSE,TRUE,aspmx.l.google.com,g-suite,
Kim,kim@sales.liberatedrootscollection.com,289-659-1929,4842521505,invalid,no_dns_entries,kim,sales.liberatedrootscollection.com,,,,FALSE,FALSE,,,
Arron Dobson,arron@cocktail.club,,(919) 260-0603,invalid,no_dns_entries,arron,cocktail.club,,,,FALSE,FALSE,,,
Ty,ty.laroche@triplefive.com,,4842521505,valid,,ty.laroche,triplefive.com,ty,laroche,male,FALSE,TRUE,ca-smtp-inbound-1.mimecast.com,mimecast,
Darion Balfour,hello@darionbalfour.com,1-866-834-7925,6155827750,do_not_mail,role_based,hello,darionbalfour.com,,,,FALSE,TRUE,aspmx.l.google.com,g-suite,
nicole,nicolettemarie3@gmail.com,,,invalid,mailbox_quota_exceeded,nicolettemarie3,gmail.com,,,,TRUE,TRUE,alt1.gmail-smtp-in.l.google.com,google,
Trina Render,trinarender@gmail.com,206-313-4515,864-663-1845,valid,,trinarender,gmail.com,,,,TRUE,TRUE,alt1.gmail-smtp-in.l.google.com,google,
Glen,g.gardone@chocolette.com,,6514109291,valid,,g.gardone,chocolette.com,,,,FALSE,TRUE,chocolette-com.mail.protection.outlook.com,microsoft,
Nelsol,n.batalla03@gmail.com,,361236916,valid,,nbatalla03,gmail.com,,,,TRUE,TRUE,alt1.gmail-smtp-in.l.google.com,google,
Tracy,tracy@cannaromawellness.com,7018820750,(541)727-8981,valid,,tracy,cannaromawellness.com,,,,FALSE,TRUE,aspmx.l.google.com,g-suite,
Alex,alex@healthcbd.co.uk,,289-237-5674,catch-all,,alex,healthcbd.co.uk,,,,FALSE,TRUE,mx10.antispam.mailspamprotection.com,siteground,
Margaret Hercek,MLHERCEK@GMAIL.COM,7605182431,,valid,,mlhercek,gmail.com,,,,TRUE,TRUE,alt1.gmail-smtp-in.l.google.com,google,
Sheila Reyes,knotsgallery@gmail.com,7605182431,,valid,,knotsgallery,gmail.com,,,,TRUE,TRUE,alt1.gmail-smtp-in.l.google.com,google,
michael,michael.vemstone@gmail.com,,864-663-1845,valid,,michaelvemstone,gmail.com,michael,vemstone,male,TRUE,TRUE,alt1.gmail-smtp-in.l.google.com,google,
Kamila,camilliana@yahoo.com,,2017239904,valid,,camilliana,yahoo.com,,,,TRUE,TRUE,mta6.am0.yahoodns.net,yahoo,
Any Dueck,any@thewildnest.com,(314)4431091,,invalid,does_not_accept_mail,any,thewildnest.com,,,,FALSE,FALSE,,,
nikki jones,nikkijones1275@yahoo.com,403 617 4443,,valid,alternate,nikkijones1275,yahoo.com,,,,TRUE,TRUE,mta6.am0.yahoodns.net,yahoo,
ANDREW VRATIL,andrewvratil@gmail.com,403 617 4443,,valid,,andrewvratil,gmail.com,,,,TRUE,TRUE,alt1.gmail-smtp-in.l.google.com,google,
Mike,mike@firstpull.com,,,valid,,mike,firstpull.com,,,,FALSE,TRUE,aspmx.l.google.com,g-suite,
DIDI,didi@apabrandu.com,,,valid,,didi,apabrandu.com,,,,FALSE,TRUE,apabrandu-com.mail.protection.outlook.com,microsoft,
Sacha Dunn,sacha@cgco.co,7806679157,,valid,,sacha,cgco.co,,,,FALSE,TRUE,cgco-co.mail.protection.outlook.com,microsoft,
Jessica,jessicamiller@teamitg.com,760-443-8069,,valid,,jessicamiller,teamitg.com,,,,FALSE,TRUE,teamitg-com.mail.protection.outlook.com,microsoft,
Zach,info@beardgains.com,714-470-8696,,do_not_mail,role_based,info,beardgains.com,,,,FALSE,TRUE,aspmx.l.google.com,g-suite,
Deborah Joseph,eborahcandles@gmail.com,714-470-8696,,valid,,eborahcandles,gmail.com,,,,TRUE,TRUE,alt1.gmail-smtp-in.l.google.com,google,
Matt,ciaholdingsllc@gmail.com,714-470-8696,,valid,,ciaholdingsllc,gmail.com,,,,TRUE,TRUE,alt1.gmail-smtp-in.l.google.com,google,
Jill,info@pastrybase.com,519 270 6730,,do_not_mail,role_based,info,pastrybase.com,,,,FALSE,TRUE,aspmx.l.google.com,g-suite,
John,kjmeldo@gmail.com,519 270 6730,,valid,,kjmeldo,gmail.com,,,,TRUE,TRUE,alt1.gmail-smtp-in.l.google.com,google,
Sam,sam@charlipets.com,484) 252-1505,,valid,,sam,charlipets.com,,,,FALSE,TRUE,aspmx.l.google.com,g-suite,
Tom,tomday@carolinabaycbd.com,,,valid,,tomday,carolinabaycbd.com,,,,FALSE,TRUE,aspmx.l.google.com,g-suite,
Dan,dan@dkmediaus.com,,,valid,,dan,dkmediaus.com,,,,FALSE,TRUE,aspmx.l.google.com,g-suite,
Hellen Vath,Doughchii@gmail.com,,,valid,,doughchii,gmail.com,,,,TRUE,TRUE,alt1.gmail-smtp-in.l.google.com,google,
John,johncmcallister@gmail.com,,,valid,,johncmcallister,gmail.com,,,,TRUE,TRUE,alt1.gmail-smtp-in.l.google.com,google,
JAY BANG,jb@eatpuur.com,,,invalid,no_dns_entries,jb,eatpuur.com,,,,FALSE,FALSE,,,
Michael,michael@michaelmariellievents.com,847-367-9100,,valid,,michael,michaelmariellievents.com,,,,FALSE,TRUE,aspmx.l.google.com,g-suite,
Drasko,drasko@vibraxlabs.com,305-812-4920,,catch-all,,drasko,vibraxlabs.com,,,,FALSE,TRUE,mail.vibraxlabs.com,,
James C,jamescavenessculinary@gmail.com,,,valid,,jamescavenessculinary,gmail.com,,,,TRUE,TRUE,alt1.gmail-smtp-in.l.google.com,google,
Laura,exohcandles@gmail.com,,,valid,,exohcandles,gmail.com,,,,TRUE,TRUE,alt1.gmail-smtp-in.l.google.com,google,
Nevin,nevinsmith006@gmail.com,714-470-8696,,valid,alternate,nevinsmith006,gmail.com,,,,TRUE,TRUE,alt1.gmail-smtp-in.l.google.com,google,
DAN,onefastfarmer@yahoo.com,,,valid,,onefastfarmer,yahoo.com,,,,TRUE,TRUE,mta7.am0.yahoodns.net,yahoo,
Hollie,hollielquick@gmail.com,7046920378,,valid,,hollielquick,gmail.com,,,,TRUE,TRUE,alt1.gmail-smtp-in.l.google.com,google,
ALEXIS MARTINELL,alexis.martinelli@aigserv.com,9175433010,,catch-all,,alexis.martinelli,aigserv.com,alexis,martinelli,female,FALSE,TRUE,d313537a.ess.barracudanetworks.com,barracuda,
Johhny,johnny.gibson87@gmail.com,,,valid,,johnnygibson87,gmail.com,Johnny,Gibson,male,TRUE,TRUE,alt1.gmail-smtp-in.l.google.com,google,
alexandra,acostammaacosta@chgroup.ca,562-594-7975,,catch-all,,acostammaacosta,chgroup.ca,,,,FALSE,TRUE,chgroup-ca.mail.protection.outlook.com,microsoft,
jenna halberstadt,jennahabs19@gmail.com,562-594-7975,,valid,,jennahabs19,gmail.com,,,,TRUE,TRUE,alt1.gmail-smtp-in.l.google.com,google,
Shah,mitrasweets33@gmail.com,646 246 1441,,valid,,mitrasweets33,gmail.com,,,,TRUE,TRUE,alt1.gmail-smtp-in.l.google.com,google,
margaret,eyevibrate33@gmail.com,312) 366 4247,,valid,,eyevibrate33,gmail.com,,,,TRUE,TRUE,alt1.gmail-smtp-in.l.google.com,google,
HEATHER,contact@wagswagbrand.com,2567977554,,do_not_mail,role_based_catch_all,contact,wagswagbrand.com,,,,FALSE,TRUE,wagswagbrand-com.mail.protection.outlook.com,microsoft,
Julie Rianda,jrianda@poshpromos.com,,,valid,,jrianda,poshpromos.com,,,,FALSE,TRUE,mx1-us1.ppe-hosted.com,proofpoint,
April,info@daintygaljewelry.com,3098685290,,invalid,does_not_accept_mail,info,daintygaljewelry.com,,,,FALSE,FALSE,,,
Zena,production@hempen.co.uk,,,do_not_mail,role_based,production,hempen.co.uk,,,,FALSE,TRUE,mail1.filteredmx.net,,
ERIC,ericbarzelogna@gmail.com,804-776-5119,,valid,,ericbarzelogna,gmail.com,,,,TRUE,TRUE,alt1.gmail-smtp-in.l.google.com,google,
Sarah Egberts,sarah.egberts@gmail.com,615-336-7823,,valid,,sarahegberts,gmail.com,sarah,egberts,female,TRUE,TRUE,alt1.gmail-smtp-in.l.google.com,google,
Teresa,teresamarquesbrydges@mail.com,,,invalid,mailbox_not_found,teresamarquesbrydges,mail.com,,,,TRUE,TRUE,mx01.mail.com,mail.com,
BRIAN,brian@dimensions.dance,7067268775,,valid,,brian,dimensions.dance,,,,FALSE,TRUE,aspmx.l.google.com,g-suite,
Bianca Garfias,bianca@wildcraftcare.com,,,valid,,bianca,wildcraftcare.com,,,,FALSE,TRUE,aspmx.l.google.com,g-suite,
Lee Diep,sweetpuritymacarons@gmail.com,7067268775,,valid,,sweetpuritymacarons,gmail.com,,,,TRUE,TRUE,alt1.gmail-smtp-in.l.google.com,google,
MLea Plank,mlea@growwithace.com,,,catch-all,,mlea,growwithace.com,,,,FALSE,TRUE,aspmx.l.google.com,g-suite,
Nina,nina.bajaj1@gmail.com,209-499-9712,,valid,,ninabajaj1,gmail.com,,,,TRUE,TRUE,alt1.gmail-smtp-in.l.google.com,google,
Eva,sales@paperland.ca,209-499-9712,,do_not_mail,role_based,sales,paperland.ca,,,,FALSE,TRUE,aspmx.l.google.com,g-suite,
Guy,guy.tremblay@gmail.com,3103080349,,valid,,guytremblay,gmail.com,guy,tremblay,male,TRUE,TRUE,alt1.gmail-smtp-in.l.google.com,google,
Suzzane Fuller,trailtosea@gmail.com,3103080349,,valid,,trailtosea,gmail.com,,,,TRUE,TRUE,alt1.gmail-smtp-in.l.google.com,google,
Llakel Hart,llakel@dpsbahamas.com,,,valid,,llakel,dpsbahamas.com,,,,FALSE,TRUE,aspmx.l.google.com,g-suite,
Aaron Byard,info@petfoodplatters.com,,,invalid,no_dns_entries,info,petfoodplatters.com,,,,FALSE,FALSE,,,
Emma,em.duehr@gmail.com,615-336-7823,,valid,,emduehr,gmail.com,,,,TRUE,TRUE,alt1.gmail-smtp-in.l.google.com,google,
FLAVIA ZHAMO,zhamo.flavia@gmail.com,4087128559,,valid,,zhamoflavia,gmail.com,flavia,zhamo,female,TRUE,TRUE,alt1.gmail-smtp-in.l.google.com,google,
Lea,leachman.liz@gmail.com,,,valid,,leachmanliz,gmail.com,liz,leachman,female,TRUE,TRUE,alt1.gmail-smtp-in.l.google.com,google,
Nabil,nabil_meziani1@yahoo.ca,928 2399305,,valid,,nabil_meziani1,yahoo.ca,,,,TRUE,TRUE,mta5.am0.yahoodns.net,yahoo,
Maria,mballezav@gmail.com,562-606-9575,,valid,,mballezav,gmail.com,Maria,Balleza,female,TRUE,TRUE,alt1.gmail-smtp-in.l.google.com,google,
Jason LaGasse,o2forgellc@gmail.com,4087128559,,valid,,o2forgellc,gmail.com,,,,TRUE,TRUE,alt1.gmail-smtp-in.l.google.com,google,
David,dberner@shapeez.com,804-776-5119,,catch-all,,dberner,shapeez.com,Charlotte,Hoffman,female,FALSE,TRUE,mail.shapeez.com,,
Daniel Langley,dlangley101@gmail.com,780-278-8606,,valid,alternate,dlangley101,gmail.com,,,,TRUE,TRUE,alt1.gmail-smtp-in.l.google.com,google,
Molly,molly@hooplastudio.com,2149977561,,valid,,molly,hooplastudio.com,,,,FALSE,TRUE,aspmx.l.google.com,g-suite,
Laura usky,thesugarmammaz@gmail.com,780-278-8606,,valid,,thesugarmammaz,gmail.com,,,,TRUE,TRUE,alt1.gmail-smtp-in.l.google.com,google,
Emahn Hodo,emahnhodo09@gmail.com,,,valid,,emahnhodo09,gmail.com,,,,TRUE,TRUE,alt1.gmail-smtp-in.l.google.com,google,
Martin,mkmcleod10@gmail.com,,,valid,,mkmcleod10,gmail.com,,,,TRUE,TRUE,alt1.gmail-smtp-in.l.google.com,google,
Kelsee McGee,kelsee@itcrowdmarketing.com,,,valid,alias_address,kelsee,itcrowdmarketing.com,,,,FALSE,TRUE,aspmx.l.google.com,g-suite,
Lorena,Lorena@bbqboutique.net,2149977561,,valid,,lorena,bbqboutique.net,,,,FALSE,TRUE,mail.bbqboutique.net,,
Janasia,justskinnyc@gmail.com,,,valid,,justskinnyc,gmail.com,,,,TRUE,TRUE,alt1.gmail-smtp-in.l.google.com,google,
Allysa Marie Galleros,allysa.uplevel@gmail.com,,,valid,,allysauplevel,gmail.com,,,,TRUE,TRUE,alt1.gmail-smtp-in.l.google.com,google,
christina,christina@aktenterprises.com,514-353-8955,,valid,,christina,aktenterprises.com,,,,FALSE,TRUE,aspmx.l.google.com,g-suite,
April,meetapriljoy@gmail.com,647 824 7344,,valid,,meetapriljoy,gmail.com,,,,TRUE,TRUE,alt1.gmail-smtp-in.l.google.com,google,
Souraya,hello@figerie.com,8123408393,,do_not_mail,role_based_catch_all,hello,figerie.com,,,,FALSE,TRUE,figerie-com.mail.protection.outlook.com,microsoft,
Cindy,theproudbeak@gmail.com,401-248-5125,,valid,,theproudbeak,gmail.com,,,,TRUE,TRUE,alt1.gmail-smtp-in.l.google.com,google,
Timika Georges,flippinbodyz@gmail.com,4165432009,,valid,,flippinbodyz,gmail.com,,,,TRUE,TRUE,alt1.gmail-smtp-in.l.google.com,google,
Khader,donutdudeschi@gmail.com,3103791175,,valid,,donutdudeschi,gmail.com,,,,TRUE,TRUE,alt1.gmail-smtp-in.l.google.com,google,
Andrew Shrum,as072091@gmail.com,4388208355,,valid,alternate,as072091,gmail.com,,,,TRUE,TRUE,alt1.gmail-smtp-in.l.google.com,google,
young,purchasing@bio-therapeutic.com,,,do_not_mail,role_based,purchasing,bio-therapeutic.com,,,,FALSE,TRUE,biotherapeutic-com0i.mail.protection.outlook.com,microsoft,
Melissa Lunt,hello@naturelusa.com,3862371894,,do_not_mail,role_based,hello,naturelusa.com,,,,FALSE,TRUE,aspmx.l.google.com,g-suite,
Jarod Figueira,cogentfigueira@gmail.com,,,valid,,cogentfigueira,gmail.com,,,,TRUE,TRUE,alt1.gmail-smtp-in.l.google.com,google,
Sabrina,lutfiyevas@gmail.com,9053769048,,valid,,lutfiyevas,gmail.com,,,,TRUE,TRUE,alt1.gmail-smtp-in.l.google.com,google,
Lesslie,leslie@cooksventure.com,5054355335,,invalid,mailbox_not_found,leslie,cooksventure.com,,,,FALSE,TRUE,aspmx.l.google.com,g-suite,
Justin Watts,justinwatts@blowerband.com,,,catch-all,,justinwatts,blowerband.com,,,,FALSE,TRUE,mxb.mailgun.org,,
osie little,Josiemlittle@gmail.com,,,valid,,josiemlittle,gmail.com,,,,TRUE,TRUE,alt1.gmail-smtp-in.l.google.com,google,
Kim,Kimberleighacrump@gmail.com,,,valid,,kimberleighacrump,gmail.com,,,,TRUE,TRUE,alt1.gmail-smtp-in.l.google.com,google,
Joeara,joeara.riley@yahoo.com,,,valid,,joeara.riley,yahoo.com,riley,joeara,male,TRUE,TRUE,mta6.am0.yahoodns.net,yahoo,
Khloé,communication@profusion.global,615-336-7823,,do_not_mail,role_based,communication,profusion.global,,,,FALSE,TRUE,aspmx.l.google.com,g-suite,
Natalla,toughguyscookies@yahoo.com,615-336-7823,,valid,,toughguyscookies,yahoo.com,,,,TRUE,TRUE,mta6.am0.yahoodns.net,yahoo,
Sara,saramcintyre01@hotmail.com,,,valid,,saramcintyre01,hotmail.com,,,,TRUE,TRUE,hotmail-com.olc.protection.outlook.com,microsoft,
Ken Fischer,ken@promofisch.com,905-946-1118,,catch-all,,ken,promofisch.com,,,,FALSE,TRUE,promofisch-com.mail.protection.outlook.com,microsoft,
Arden,kindcbdflowers@gmail.com,514-709-6458,,invalid,mailbox_quota_exceeded,kindcbdflowers,gmail.com,,,,TRUE,TRUE,alt1.gmail-smtp-in.l.google.com,google,
Anita,kishcandles91@gmail.com,,,invalid,mailbox_not_found,kishcandles91,gmail.com,,,,TRUE,TRUE,alt1.gmail-smtp-in.l.google.com,google,
Kevin,kevins@mdpen.co,8057981061,,valid,,kevins,mdpen.co,,,,FALSE,TRUE,aspmx.l.google.com,g-suite,
Dan Hill,Davesdoobies@hotmail.com,647-350-3438,,valid,,davesdoobies,hotmail.com,,,,TRUE,TRUE,hotmail-com.olc.protection.outlook.com,microsoft,
Alviana Crosley,nicolelajae@gmail.com,647-350-3438,,valid,,nicolelajae,gmail.com,,,,TRUE,TRUE,alt1.gmail-smtp-in.l.google.com,google,
Deana,deana@peekaboobeans.com,5634510763,,invalid,does_not_accept_mail,deana,peekaboobeans.com,,,,FALSE,FALSE,,,
Chelsea,cnhenhoeffer@gmail.com,714-470-8696,,valid,,cnhenhoeffer,gmail.com,,,,TRUE,TRUE,alt1.gmail-smtp-in.l.google.com,google,
Anna,frchielite@gmail.com,4169850614,,valid,,frchielite,gmail.com,,,,TRUE,TRUE,alt1.gmail-smtp-in.l.google.com,google,
François,fveilleux1992@hotmail.com,,,valid,,fveilleux1992,hotmail.com,,,,TRUE,TRUE,hotmail-com.olc.protection.outlook.com,microsoft,
Charles,charles.chen@yamibuy.com,,,invalid,mailbox_not_found,charleschen,yamibuy.com,charles,chen,male,FALSE,TRUE,aspmx.l.google.com,g-suite,
Hiba,mkt@ammgent.com,,,do_not_mail,role_based,mkt,ammgent.com,,,,FALSE,TRUE,ammgent.com,,
Baicu Andrei,baicuandrei62@gmail.com,,,valid,,baicuandrei62,gmail.com,,,,TRUE,TRUE,alt1.gmail-smtp-in.l.google.com,google,
Matthys,matt@dutchdogdesign.com,7862386091,,valid,,matt,dutchdogdesign.com,,,,FALSE,TRUE,alt1.aspmx.l.google.com,g-suite,
Charles,blackknighthempco@gmail.com,7862386091,,valid,,blackknighthempco,gmail.com,,,,TRUE,TRUE,alt1.gmail-smtp-in.l.google.com,google,
taher,tahersyed439@gmail.com,7862386091,,valid,alternate,tahersyed439,gmail.com,Taher,Syed,,TRUE,TRUE,alt1.gmail-smtp-in.l.google.com,google,
Jenna Olmsted,jenna_olmsted@hotmail.com,910-333-5041,,valid,,jenna_olmsted,hotmail.com,,,,TRUE,TRUE,hotmail-com.olc.protection.outlook.com,microsoft,
Alex,alex@greenfieldenterprise.com,910-333-5041,,invalid,no_dns_entries,alex,greenfieldenterprise.com,,,,FALSE,FALSE,,,
Kevin,kevin@blackbirdcarpentry.com,,,invalid,no_dns_entries,kevin,blackbirdcarpentry.com,,,,FALSE,FALSE,,,
Darcel Higgins,Hollishandspostiche@gmail.com,,,invalid,mailbox_not_found,hollishandspostiche,gmail.com,,,,TRUE,TRUE,alt1.gmail-smtp-in.l.google.com,google,
Charles,charles@flowgardens.com,877-360-8426,,catch-all,,charles,flowgardens.com,,,,FALSE,TRUE,aspmx.l.google.com,g-suite,
Cathleen M Mitchell!,cathleen@kayahempco.com,,,valid,,cathleen,kayahempco.com,,,,FALSE,TRUE,aspmx.l.google.com,g-suite,
Breonna Boylan,bboylan@otistec.com,6158157469,,invalid,mailbox_not_found,bboylan,otistec.com,,,,FALSE,TRUE,otistec-com.mail.protection.outlook.com,microsoft,
Katie Blais,salesassistant@rosatigroup.com,(541)727-8981,,valid,,salesassistant,rosatigroup.com,,,,FALSE,TRUE,mx-cluster-ca01.hornetsecurity.com,,
Solstice,solsticeherbaltea@gmail.com,8687868985,,valid,,solsticeherbaltea,gmail.com,,,,TRUE,TRUE,alt1.gmail-smtp-in.l.google.com,google,
Dustin,avaloocbd@gmail.com,913-777-5959,,valid,,avaloocbd,gmail.com,,,,TRUE,TRUE,alt1.gmail-smtp-in.l.google.com,google,
Brittany Krake,hello@skncology.com,913-777-5959,,do_not_mail,role_based,hello,skncology.com,,,,FALSE,TRUE,aspmx.l.google.com,g-suite,
Antika,hello@antiklakay.com,,,do_not_mail,role_based,hello,antiklakay.com,,,,FALSE,TRUE,mx.zoho.com,zoho,
Darcy Start,rocket.start7171@gmail.com,6302409244,,valid,alternate,rocketstart7171,gmail.com,,,,TRUE,TRUE,alt1.gmail-smtp-in.l.google.com,google,
Kristina Patrick,kristina@elevationbrandsadv.com,2243186550,,valid,,kristina,elevationbrandsadv.com,,,,FALSE,TRUE,aspmx.l.google.com,g-suite,
Stephanie Parks,sparks@shepherdagency.com,,,valid,,sparks,shepherdagency.com,,,,FALSE,TRUE,shepherdagency-com.mail.protection.outlook.com,microsoft,
Shah,Shahrushi@gmail.com,,,valid,,shahrushi,gmail.com,Sudhir,Shah,,TRUE,TRUE,alt1.gmail-smtp-in.l.google.com,google,
Zach,zach@gr33nsolutionsco.com,,,invalid,no_dns_entries,zach,gr33nsolutionsco.com,,,,FALSE,FALSE,,,
Maria Gas,xyrysmaria@generationecom.com,8176822752,,invalid,mailbox_not_found,xyrysmaria,generationecom.com,,,,FALSE,TRUE,generationecom-com.mail.protection.outlook.com,microsoft,
Elena,elena.nikela@gmail.com,,,valid,,elenanikela,gmail.com,elena,nikela,female,TRUE,TRUE,alt1.gmail-smtp-in.l.google.com,google,
Lyliana,Lyliana.FregosodeKruse@pomona.edu,954 940-2495,,catch-all,,lyliana.fregosodekruse,pomona.edu,,,,FALSE,TRUE,pomona-edu.mail.protection.outlook.com,microsoft,
Emily Majzer,emily@luxbotanics.com,,,valid,,emily,luxbotanics.com,,,,FALSE,TRUE,aspmx.l.google.com,g-suite,
Jack,suckerscandyco@gmail.com,8687868985,,valid,,suckerscandyco,gmail.com,,,,TRUE,TRUE,alt1.gmail-smtp-in.l.google.com,google,
Russ,rtcenergy@gmail.com,7185066082,,valid,,rtcenergy,gmail.com,,,,TRUE,TRUE,alt1.gmail-smtp-in.l.google.com,google,
Chris,cheis@wagoner.io,,,catch-all,,cheis,wagoner.io,,,,FALSE,TRUE,mx01.mail.icloud.com,apple,
Kaushik Patel,kp@adiyapharma.com,321 593 0206,,valid,,kp,adiyapharma.com,,,,FALSE,TRUE,aspmx.l.google.com,g-suite,
Marie Grimes,mgrimes@conjuredintentions.com,8182039507,,valid,,mgrimes,conjuredintentions.com,,,,FALSE,TRUE,aspmx.l.google.com,g-suite,
mark,mjueng1@gmail.com,8182039507,,valid,,mjueng1,gmail.com,,,,TRUE,TRUE,alt1.gmail-smtp-in.l.google.com,google,
Janell,janell@jtcandle.com,,,valid,,janell,jtcandle.com,,,,FALSE,TRUE,mx1-us1.ppe-hosted.com,proofpoint,
Alecia,alecia@pearldesigninteriors.com,780-953-5319,,valid,,alecia,pearldesigninteriors.com,,,,FALSE,TRUE,smtp.secureserver.net,godaddy,
Kathy Feketik!,kbathkraze@gmail.com,780-953-5319,,valid,,kbathkraze,gmail.com,,,,TRUE,TRUE,alt1.gmail-smtp-in.l.google.com,google,
Simone,simonemyrie@gmail.com,9174761209,,valid,,simonemyrie,gmail.com,,,,TRUE,TRUE,alt1.gmail-smtp-in.l.google.com,google,
LaToria,Latoriagonzalez@gmail.com,4437416432,,valid,,latoriagonzalez,gmail.com,,,,TRUE,TRUE,alt1.gmail-smtp-in.l.google.com,google,
DeMetris Anderson,info@byzoeylove.com,7083740120,,invalid,no_dns_entries,info,byzoeylove.com,,,,FALSE,FALSE,,,
Natalie,ncornies@hotmail.com,,,valid,,ncornies,hotmail.com,,,,TRUE,TRUE,hotmail-com.olc.protection.outlook.com,microsoft,
Brian,dankhousesupplyco@gmail.com,,,valid,,dankhousesupplyco,gmail.com,,,,TRUE,TRUE,alt1.gmail-smtp-in.l.google.com,google,
Modren,modernmedicalfactory@gmail.com,5126264636,,valid,,modernmedicalfactory,gmail.com,,,,TRUE,TRUE,alt1.gmail-smtp-in.l.google.com,google,
Lis,Laurie.Lis@charter.com,4162628631,,valid,,laurie.lis,charter.com,laurie,lis,female,FALSE,TRUE,charter-com.mail.protection.outlook.com,microsoft,
Val,VFriedman@agu.org,5126264636,,valid,,vfriedman,agu.org,,,,FALSE,TRUE,agu-org.mail.protection.outlook.com,microsoft,
Ron,SunValleyPG@bellsouth.net,6306563555,,abuse,,sunvalleypg,bellsouth.net,,,,TRUE,TRUE,al-ip4-mx-vip1.prodigy.net,att,
Justin,justbond76@yahoo.com,646.647.4706,,valid,,justbond76,yahoo.com,,,,TRUE,TRUE,mta7.am0.yahoodns.net,yahoo,
Niamh,niamh@propercloth.com,,,catch-all,,niamh,propercloth.com,,,,FALSE,TRUE,aspmx.l.google.com,g-suite,
Brenda,bgunter1221@gmail.com,(769)233-3614,,valid,alternate,bgunter1221,gmail.com,Brenda,Pikounis,female,TRUE,TRUE,alt1.gmail-smtp-in.l.google.com,google,
Jarred smith,jarredsmith1@aol.com,,,invalid,mailbox_not_found,jarredsmith1,aol.com,,,,TRUE,TRUE,mx-aol.mail.gm0.yahoodns.net,yahoo,
David,david.ayers@spartanhempworks.com,7083740120,,valid,,davidayers,spartanhempworks.com,david,ayers,male,FALSE,TRUE,aspmx.l.google.com,g-suite,
Peter,peter@realnycbd.com,,,valid,,peter,realnycbd.com,,,,FALSE,TRUE,aspmx.l.google.com,g-suite,
Rahil,info@rushordersigns.com,514.935.3337,,do_not_mail,role_based_catch_all,info,rushordersigns.com,,,,FALSE,TRUE,mx-biz.mail.am0.yahoodns.net,yahoo,
Tony,tbowen@jamaicachoicefoods.com,,,catch-all,,tbowen,jamaicachoicefoods.com,,,,FALSE,TRUE,mx.jamaicachoicefoods.com,,
Nicolas Boisvert,nicolas.boisvert@2ndskin.ca,6478341479,,valid,,nicolas.boisvert,2ndskin.ca,nicolas,boisvert,male,FALSE,TRUE,2ndskin-ca.mail.protection.outlook.com,microsoft,
corrie oliveira,Info@eventgraffiti.com,8452224902,,do_not_mail,role_based,info,eventgraffiti.com,,,,FALSE,TRUE,eventgraffiti-com.mail.protection.outlook.com,microsoft,
Sam,samnobel@gmail.com,8313349711,,valid,,samnobel,gmail.com,,,,TRUE,TRUE,alt1.gmail-smtp-in.l.google.com,google,
Steven,steven@shelbygreengroup.com,4163175921,,catch-all,,steven,shelbygreengroup.com,,,,FALSE,TRUE,shelbygreengroup-com.mail.protection.outlook.com,microsoft,
Kolby Kimball,kolby.wylde@gmail.com,6784272299,,valid,,kolbywylde,gmail.com,kolby,wylde,male,TRUE,TRUE,alt1.gmail-smtp-in.l.google.com,google,
Tanya,admin@trexdistillery.ca,6784272299,,do_not_mail,role_based,admin,trexdistillery.ca,,,,FALSE,TRUE,trexdistillery-ca.mail.protection.outlook.com,microsoft,
Alice,alice@woomwomen.com.au,514.935.3337,,catch-all,,alice,woomwomen.com.au,,,,FALSE,TRUE,woomwomen-com-au.mail.protection.outlook.com,microsoft,
Devon,devon@hempyretx.com,8313349711,,valid,,devon,hempyretx.com,,,,FALSE,TRUE,aspmx.l.google.com,g-suite,
Jeff,jeff@beediamond.com,4178481953,,valid,,jeff,beediamond.com,,,,FALSE,TRUE,beediamond.com,,
Jeremy Frank,jfrank202@gmail.com,8159959922,,valid,alternate,jfrank202,gmail.com,,,,TRUE,TRUE,alt1.gmail-smtp-in.l.google.com,google,
Michal,michael.james.park@gmail.com,2267915620,,valid,,michaeljamespark,gmail.com,,,,TRUE,TRUE,alt1.gmail-smtp-in.l.google.com,google,
,manifestyournest@gmail.com,,,valid,,manifestyournest,gmail.com,,,,TRUE,TRUE,alt1.gmail-smtp-in.l.google.com,google,
Garrett,gmorand@clearskycannabis.com,4182645632,,valid,,gmorand,clearskycannabis.com,,,,FALSE,TRUE,aspmx.l.google.com,g-suite,
Alexia Fowler,alexia.p.fowler@gmail.com,2162550819,,valid,,alexiapfowler,gmail.com,,,,TRUE,TRUE,alt1.gmail-smtp-in.l.google.com,google,
jfrank202@gmail.com,jeremy@coralvue.com,8475253335,,valid,,jeremy,coralvue.com,,,,FALSE,TRUE,aspmx.l.google.com,g-suite,
Mustafa Aldelemi,Mustafaaldelemi8@gmail.com,,,valid,,mustafaaldelemi8,gmail.com,,,,TRUE,TRUE,alt1.gmail-smtp-in.l.google.com,google,
jason schiermeyer,gaga4toyz@sbcglobal.net,,,valid,,gaga4toyz,sbcglobal.net,Jason,Schiermeyer,male,TRUE,TRUE,ff-ip4-mx-vip1.prodigy.net,att,
Josh,josh.francis@fio-usa.com,,,invalid,no_dns_entries,josh.francis,fio-usa.com,,,,FALSE,FALSE,,,
Michael,mkeresh04@yahoo.com,7726331134,,valid,,mkeresh04,yahoo.com,Michael,Keresh,male,TRUE,TRUE,mta5.am0.yahoodns.net,yahoo,
Jen,jenn@jennartdesign.com,6823300766,,valid,,jenn,jennartdesign.com,,,,FALSE,TRUE,jennartdesign.com,,
Kevin,kevin@paxnutraceuticals.com,,,invalid,no_dns_entries,kevin,paxnutraceuticals.com,,,,FALSE,FALSE,,,
Leo Cortes,wzrdpow@gmail.com,,,valid,,wzrdpow,gmail.com,,,,TRUE,TRUE,alt1.gmail-smtp-in.l.google.com,google,
Janell,info@jtcandle.com,9514177621,,do_not_mail,role_based,info,jtcandle.com,,,,FALSE,TRUE,mx1-us1.ppe-hosted.com,proofpoint,
Tina,tina@wellerdental.com,9044777331,,valid,,tina,wellerdental.com,,,,FALSE,TRUE,aspmx.l.google.com,g-suite,
Peter,alternacomics@hotmail.com,773-905-9632,,valid,,alternacomics,hotmail.com,,,,TRUE,TRUE,hotmail-com.olc.protection.outlook.com,microsoft,
Martha,marthaleon951@gmail.com,9176268270,,valid,alternate,marthaleon951,gmail.com,,,,TRUE,TRUE,alt1.gmail-smtp-in.l.google.com,google,
Laramie Justice,laramiejustice955@gmail.com,9176268270,,valid,alternate,laramiejustice955,gmail.com,,,,TRUE,TRUE,alt1.gmail-smtp-in.l.google.com,google,
DOUGLAS,brucem@chelseaclock.com,31593484300,,catch-all,,brucem,chelseaclock.com,,,,FALSE,TRUE,chelseaclock.com.1.0001.arsmtp.com,,
,torreon@regularcandles.com,519-734-6511,,valid,,torreon,regularcandles.com,,,,FALSE,TRUE,aspmx.l.google.com,g-suite,
Omid,ecovanacanada@gmail.com,6472142141,,valid,,ecovanacanada,gmail.com,,,,TRUE,TRUE,alt1.gmail-smtp-in.l.google.com,google,
Kellie,kellie@twopoochpaperie.com,3153484300,,valid,,kellie,twopoochpaperie.com,,,,FALSE,TRUE,twopoochpaperie-com.mail.protection.outlook.com,microsoft,
Erica Joyce,erica@winewashco.com,6786166627,,catch-all,,erica,winewashco.com,,,,FALSE,TRUE,mx1-us1.ppe-hosted.com,proofpoint,
Narges,narges.e@magham.ca,661) 877-6747,,valid,,narges.e,magham.ca,narges,e,female,FALSE,TRUE,mail.cologica.com,,
Dave,animated.m@live.com,,,valid,,animated.m,live.com,,,,TRUE,TRUE,live-com.olc.protection.outlook.com,microsoft,
Alex,alex@pjjtdistributors.com,3153484300,,valid,,alex,pjjtdistributors.com,,,,FALSE,TRUE,pjjtdistributors.com,,
Iqball,iqbalwholesale1994@gmail.com,509-853-7318,,valid,,iqbalwholesale1994,gmail.com,,,,TRUE,TRUE,alt1.gmail-smtp-in.l.google.com,google,
Clayton Barbier,vanbierllc@gmail.com,,,valid,,vanbierllc,gmail.com,,,,TRUE,TRUE,alt1.gmail-smtp-in.l.google.com,google,
Vinicius Barreto,vinny.gare@gmail.com,9049624490,,valid,,vinnygare,gmail.com,,,,TRUE,TRUE,alt1.gmail-smtp-in.l.google.com,google,
betty ngai,bettyn@earthlink.net,9049624490,,valid,,bettyn,earthlink.net,Betty,Ndegwa,female,TRUE,TRUE,mx03.earthlink-vadesecure.net,,
Will,willitfreez@gmail.com,3153484300,,valid,,willitfreez,gmail.com,,,,TRUE,TRUE,alt1.gmail-smtp-in.l.google.com,google,
Jennifer,jenniferksutherland@gmail.com,781 4391217,,valid,,jenniferksutherland,gmail.com,,,,TRUE,TRUE,alt1.gmail-smtp-in.l.google.com,google,
Camilla Sposito,camilla@umcomex.com,,,catch-all,,camilla,umcomex.com,,,,FALSE,TRUE,mx2.mailchannels.net,,
Katie white,katie@ivivalife.com,,,catch-all,,katie,ivivalife.com,,,,FALSE,TRUE,ivivalife-com.mail.protection.outlook.com,microsoft,
Sebe Ayele,sebbeauty20@gmail.com,,,valid,,sebbeauty20,gmail.com,,,,TRUE,TRUE,alt1.gmail-smtp-in.l.google.com,google,
Jordan,jordan@alterrawife.com,,,invalid,no_dns_entries,jordan,alterrawife.com,,,,FALSE,FALSE,,,
Libby Shelley,libby@woodenitbelovely.love,,,valid,,libby,woodenitbelovely.love,,,,FALSE,TRUE,aspmx.l.google.com,g-suite,
Raynardo Christie,rbwcompany@gmail.com,,,valid,,rbwcompany,gmail.com,,,,TRUE,TRUE,alt1.gmail-smtp-in.l.google.com,google,
Natalie Weinberg,natalie.weinberg@gmail.com,,,valid,,natalieweinberg,gmail.com,natalie,weinberg,female,TRUE,TRUE,alt1.gmail-smtp-in.l.google.com,google,
kARI,karikarirose@gmail.com,909-607-9281,,valid,,karikarirose,gmail.com,,,,TRUE,TRUE,alt1.gmail-smtp-in.l.google.com,google,
Shelly,office@hrcff.org,8046158294,,do_not_mail,role_based,office,hrcff.org,,,,FALSE,TRUE,aspmx.l.google.com,g-suite,
Jessica Henninge,info@kutiks.com,,,do_not_mail,role_based,info,kutiks.com,,,,FALSE,TRUE,aspmx.l.google.com,g-suite,
Art,art@barrelagedhospitality.com,2677688538,,do_not_mail,role_based_catch_all,art,barrelagedhospitality.com,,,,FALSE,TRUE,aspmx.l.google.com,g-suite,
Erin Stoner,erin@srconfections.com,713-252-0859,,invalid,no_dns_entries,erin,srconfections.com,,,,FALSE,FALSE,,,
Matthew Baker,mbaker@mtbcnc.com,31593484300,,valid,,mbaker,mtbcnc.com,,,,FALSE,TRUE,aspmx.l.google.com,g-suite,
Allison K Balaguer,allison.kailey@gmail.com,,,valid,,allisonkailey,gmail.com,allison,kailey,female,TRUE,TRUE,alt1.gmail-smtp-in.l.google.com,google,
Bridget,bridgetcerq@gmail.com,504-237-3909,,valid,,bridgetcerq,gmail.com,,,,TRUE,TRUE,alt1.gmail-smtp-in.l.google.com,google,
Alex,alex@neopcbuilds.com,7602886904,,invalid,no_dns_entries,alex,neopcbuilds.com,,,,FALSE,FALSE,,,
David Helwani!,dhelwani@hotmail.com,,,valid,,dhelwani,hotmail.com,,,,TRUE,TRUE,hotmail-com.olc.protection.outlook.com,microsoft,
Dan Cott,dancott@yandex.com,(832) 466-5455,,invalid,mailbox_not_found,dancott,yandex.com,,,,TRUE,TRUE,mx.yandex.ru,,
Robyn,robyn@western-farms.com,2162729485,,invalid,mailbox_not_found,robyn,western-farms.com,,,,FALSE,TRUE,aspmx.l.google.com,g-suite,
Fery,bookin105sh@gmail.com,206-313-4515,,valid,alternate,bookin105sh,gmail.com,,,,TRUE,TRUE,alt1.gmail-smtp-in.l.google.com,google,
Joe J!,joe@misccorporation.com,206-313-4515,,valid,,joe,misccorporation.com,,,,FALSE,TRUE,smtp.secureserver.net,godaddy,
karinv,karinv@familymeats.com,,,valid,,karinv,familymeats.com,,,,FALSE,TRUE,mx-01.eml100yul.ctr.sophos.com,,
omid,omid@magham.com,,,valid,,omid,magham.com,,,,FALSE,TRUE,aspmx.l.google.com,g-suite,
Guido,guido@salondisalle.com,,,valid,,guido,salondisalle.com,,,,FALSE,TRUE,mx1.emailsrvr.com,rackspace,
Starmel Allah!,starmelallah@gmail.com,,,valid,,starmelallah,gmail.com,,,,TRUE,TRUE,alt1.gmail-smtp-in.l.google.com,google,
Anna Robles,anna@bobaguys.com,5194950464,,invalid,mailbox_not_found,anna,bobaguys.com,,,,FALSE,TRUE,aspmx.l.google.com,g-suite,
Yadini,admin@ryomiami.com,405-320-0801,,do_not_mail,role_based_catch_all,admin,ryomiami.com,,,,FALSE,TRUE,aspmx.l.google.com,g-suite,
Bev,beverlyopyrchal@gmail.com,206-313-4515,,valid,,beverlyopyrchal,gmail.com,,,,TRUE,TRUE,alt1.gmail-smtp-in.l.google.com,google,
linda friend,eatmebigfatcookie@gmail.com,7067268775,,valid,,eatmebigfatcookie,gmail.com,,,,TRUE,TRUE,alt1.gmail-smtp-in.l.google.com,google,
Jake Cheramie,Raftercfarmsjc@gmail.com,7067268775,,valid,,raftercfarmsjc,gmail.com,,,,TRUE,TRUE,alt1.gmail-smtp-in.l.google.com,google,
Nick Glazebrook,nick@ava-grey.com,8182039507,,catch-all,,nick,ava-grey.com,,,,FALSE,TRUE,ava-grey.com,,
Jesus LLanes,JLLANESMD@MSN.COM,8182039507,,valid,,jllanesmd,msn.com,Lauren,Llanes,female,TRUE,TRUE,msn-com.olc.protection.outlook.com,microsoft,
FRANCES!,blackonyxcandlecompany@gmail.com,7605182431,,valid,,blackonyxcandlecompany,gmail.com,,,,TRUE,TRUE,alt1.gmail-smtp-in.l.google.com,google,
Ann Peterson,spotterlevelsllc@gmail.com,,,valid,,spotterlevelsllc,gmail.com,,,,TRUE,TRUE,alt1.gmail-smtp-in.l.google.com,google,
Mauricio,factorcreativolp@gmail.com,,,valid,,factorcreativolp,gmail.com,,,,TRUE,TRUE,alt1.gmail-smtp-in.l.google.com,google,
Annick,design@annicktheriault.com,,,invalid,mailbox_not_found,design,annicktheriault.com,,,,FALSE,TRUE,mail.annicktheriault.com,,
Wendy Pickett,Pickettsigns@gmail.com,954.817.4767,,valid,,pickettsigns,gmail.com,,,,TRUE,TRUE,alt1.gmail-smtp-in.l.google.com,google,
LINDA DEUTSH!,linda@joebrand.com,4052689221,,valid,,linda,joebrand.com,,,,FALSE,TRUE,joebrand-com.mail.protection.outlook.com,microsoft,
ERIC MILLER!,mildude710@gmail.com,,,valid,alternate,mildude710,gmail.com,,,,TRUE,TRUE,alt1.gmail-smtp-in.l.google.com,google,
Hi OLGA WELSH!,mossy.moss@yahoo.com,4432350029,,valid,,mossy.moss,yahoo.com,,,,TRUE,TRUE,mta7.am0.yahoodns.net,yahoo,
LULU!,art@lululin.com,413-519-1524,,do_not_mail,role_based_catch_all,art,lululin.com,,,,FALSE,TRUE,mx.lululin.com,,
christine,Christine@potagersoap.com,7162286855,,valid,,christine,potagersoap.com,,,,FALSE,TRUE,aspmx.l.google.com,g-suite,
Marc,marc@jungleboys.com,,,invalid,mailbox_not_found,marc,jungleboys.com,,,,FALSE,TRUE,aspmx.l.google.com,g-suite,
Dominique,dolowolafe@lightly.travel,6786166627,,valid,,dolowolafe,lightly.travel,,,,FALSE,TRUE,aspmx.l.google.com,g-suite,
Maria Borges,info@magahealthyraw.com,,,do_not_mail,role_based,info,magahealthyraw.com,,,,FALSE,TRUE,mx1.hostinger.com,hostinger,
Colleen,cjmom61@gmail.com,,,valid,,cjmom61,gmail.com,,,,TRUE,TRUE,alt1.gmail-smtp-in.l.google.com,google,
Pelle,pelle@getgoodtaste.com,8182039507,,invalid,mailbox_not_found,pelle,getgoodtaste.com,,,,FALSE,TRUE,getgoodtaste-com.mail.protection.outlook.com,microsoft,
DAVID!,lnfo@dorsihealth.com,,,catch-all,,lnfo,dorsihealth.com,,,,FALSE,TRUE,mx1-us1.ppe-hosted.com,proofpoint,
Daniela,danibizness@yahoo.com,,,valid,,danibizness,yahoo.com,,,,TRUE,TRUE,mta5.am0.yahoodns.net,yahoo,
jessie,jessieebrigandi@gmail.com,,,valid,,jessieebrigandi,gmail.com,,,,TRUE,TRUE,alt1.gmail-smtp-in.l.google.com,google,
Eric Sadler,lazecandle@gmail.com,9105850836,,valid,,lazecandle,gmail.com,,,,TRUE,TRUE,alt1.gmail-smtp-in.l.google.com,google,
Chelsea Espe,cespe@integratedhemp.com,9105850836,,invalid,mailbox_not_found,cespe,integratedhemp.com,,,,FALSE,TRUE,aspmx.l.google.com,g-suite,
Christen,christen.massey@gmail.com,,,valid,,christenmassey,gmail.com,christen,massey,female,TRUE,TRUE,alt1.gmail-smtp-in.l.google.com,google,
ANNA LOVANH!,annalovanh@gmail.com,,,valid,,annalovanh,gmail.com,,,,TRUE,TRUE,alt1.gmail-smtp-in.l.google.com,google,
nadia,nadia.v.littlestar@gmail.com,,,valid,,nadiavlittlestar,gmail.com,,,,TRUE,TRUE,alt1.gmail-smtp-in.l.google.com,google,
Jennifer Schultz,Crazychickencomics@gmail.com,714-470-8696,,valid,,crazychickencomics,gmail.com,,,,TRUE,TRUE,alt1.gmail-smtp-in.l.google.com,google,
Allie,allie@freedompolicy.com,714-470-8696,,invalid,mailbox_not_found,allie,freedompolicy.com,,,,FALSE,TRUE,aspmx.l.google.com,g-suite,
Martin,martin@inandoutgraphics.com,714-470-8696,,valid,,martin,inandoutgraphics.com,,,,FALSE,TRUE,inandoutgraphics-com.mail.protection.outlook.com,microsoft,
SALLY WILSON,salwilso@nmu.edu,714-470-8696,,valid,,salwilso,nmu.edu,Wilson,Sally,male,FALSE,TRUE,aspmx.l.google.com,g-suite,
Elliot,elliot@tandemflyco.com,5165891806,,valid,,elliot,tandemflyco.com,,,,FALSE,TRUE,aspmx.l.google.com,g-suite,
Ryan,ryan@cannagea.com,,,invalid,mailbox_not_found,ryan,cannagea.com,,,,FALSE,TRUE,mx1-usg1.ppe-hosted.com,proofpoint,
Ayrial,luxuriouspeace@gmail.com,7067268775,,valid,,luxuriouspeace,gmail.com,,,,TRUE,TRUE,alt1.gmail-smtp-in.l.google.com,google,
Jeannie,info@cafebabytogo.com,7067268775,,do_not_mail,role_based,info,cafebabytogo.com,,,,FALSE,TRUE,aspmx.l.google.com,g-suite,
Rokeya Williams,rokeyawilliams@gmail.com,9105850836,,valid,,rokeyawilliams,gmail.com,To,Williams,,TRUE,TRUE,alt1.gmail-smtp-in.l.google.com,google,
Jerome,daloneskateboards@gmail.com,9105850836,,valid,,daloneskateboards,gmail.com,,,,TRUE,TRUE,alt1.gmail-smtp-in.l.google.com,google,
Bora Mens collection,boramenscollection@gmail.com,418-780-3335,,valid,,boramenscollection,gmail.com,,,,TRUE,TRUE,alt1.gmail-smtp-in.l.google.com,google,
Jill,jill@waxpoeticcandlebar.com,416-509-8358,,valid,,jill,waxpoeticcandlebar.com,,,,FALSE,TRUE,aspmx.l.google.com,g-suite,
Sand,sandsaromatics@gmail.com,9105850836,,valid,,sandsaromatics,gmail.com,,,,TRUE,TRUE,alt1.gmail-smtp-in.l.google.com,google,
Kristin,kristin.a@gerharzequipment.com,,,valid,,kristin.a,gerharzequipment.com,kristin,a,female,FALSE,TRUE,gerharzequipment-com.mail.protection.outlook.com,microsoft,
corinne,info@lifeofgreen.ca,,,do_not_mail,role_based,info,lifeofgreen.ca,,,,FALSE,TRUE,lifeofgreen.ca,,
joseph,sales@breathenfresh.com,,,do_not_mail,role_based,sales,breathenfresh.com,,,,FALSE,TRUE,mx.zoho.com,zoho,
Nash,Nashoh9@gmail.com,3854983577,,valid,,nashoh9,gmail.com,,,,TRUE,TRUE,alt1.gmail-smtp-in.l.google.com,google,
Hannah Jones,HannahRhoslyn@gmail.com,587-686-0288,,valid,,hannahrhoslyn,gmail.com,,,,TRUE,TRUE,alt1.gmail-smtp-in.l.google.com,google,
Charmaine,pnjerrod@gmail.com,,,valid,,pnjerrod,gmail.com,Lando,Charmaine,,TRUE,TRUE,alt1.gmail-smtp-in.l.google.com,google,
Lise,lisegaertner@gmail.com,,,valid,,lisegaertner,gmail.com,,,,TRUE,TRUE,alt1.gmail-smtp-in.l.google.com,google,
MELISSA GENSON!,melissa.genson@hotmail.com,,,valid,,melissa.genson,hotmail.com,Melissa,Genson,female,TRUE,TRUE,hotmail-com.olc.protection.outlook.com,microsoft,
Tristan,tristanqstary@gmail.com,8182039507,,valid,,tristanqstary,gmail.com,,,,TRUE,TRUE,alt1.gmail-smtp-in.l.google.com,google,
Monika Balbinot,monika.balbinot@greenworlddiamonds.ch,,,valid,,monika.balbinot,greenworlddiamonds.ch,monika,balbinot,female,FALSE,TRUE,mx2.mail.hostpoint.ch,,
Enrique,e_o_baller2k@hotmail.com,,,valid,,e_o_baller2k,hotmail.com,Konig,Eriwn,,TRUE,TRUE,hotmail-com.olc.protection.outlook.com,microsoft,
stephanie,stephknits@gmail.com,,,valid,,stephknits,gmail.com,,,,TRUE,TRUE,alt1.gmail-smtp-in.l.google.com,google,
Asif Ahmed,sagehill.halal@gmail.com,,,valid,,sagehillhalal,gmail.com,,,,TRUE,TRUE,alt1.gmail-smtp-in.l.google.com,google,
Philip Hunt,phunt90@embarqmail.com,,,valid,,phunt90,embarqmail.com,,,,TRUE,TRUE,mx.centurylink.net,centurylink,
schischa,lschischa@gmail.com,,,valid,,lschischa,gmail.com,,,,TRUE,TRUE,alt1.gmail-smtp-in.l.google.com,google,
JAMES DANIELS!,jimmy.daniels@nupeswagg.com,,,valid,,jimmydaniels,nupeswagg.com,jimmy,daniels,male,FALSE,TRUE,aspmx.l.google.com,g-suite,
Swati,swatimhaske1985@gmail.com,,,valid,,swatimhaske1985,gmail.com,,,,TRUE,TRUE,alt1.gmail-smtp-in.l.google.com,google,
DAVID!,support@intrinsichemp.com,,,do_not_mail,role_based,support,intrinsichemp.com,,,,FALSE,TRUE,aspmx.l.google.com,g-suite,
Sam Jagersma,real.connected101@gmail.com,,,invalid,mailbox_not_found,realconnected101,gmail.com,,,,TRUE,TRUE,alt1.gmail-smtp-in.l.google.com,google,
Alicia,luxcandle.to@gmail.com,2816277833,,valid,,luxcandleto,gmail.com,to,luxcandle,female,TRUE,TRUE,alt1.gmail-smtp-in.l.google.com,google,
Giordana,giordana@bene-mindfulness.ca,(919) 260-0603,,invalid,no_dns_entries,giordana,bene-mindfulness.ca,,,,FALSE,FALSE,,,
Jamison Sherretts,jamison@csghemp.com,985-718-1466,,unknown,antispam_system,jamison,csghemp.com,,,,FALSE,TRUE,csghemp-com.mail.protection.outlook.com,microsoft,
Jazmin Magnone,mademenboxing@gmail.com,8182039507,,valid,,mademenboxing,gmail.com,,,,TRUE,TRUE,alt1.gmail-smtp-in.l.google.com,google,
Shawna Huff,1queenbee1974@gmail.com,9105850836,,valid,alternate,1queenbee1974,gmail.com,Shawna,French,female,TRUE,TRUE,alt1.gmail-smtp-in.l.google.com,google,
kyle hutcheson,kyle@hutchbros.com,,,invalid,no_dns_entries,kyle,hutchbros.com,,,,FALSE,FALSE,,,
Tushar,tushars09@gmail.com,,,valid,,tushars09,gmail.com,,,,TRUE,TRUE,alt1.gmail-smtp-in.l.google.com,google,
Yuko,yuko@japanup.jp,,,valid,,yuko,japanup.jp,,,,FALSE,TRUE,mx01.lolipop.jp,,
Danielle,danielle@danielletrofe.com,,,valid,,danielle,danielletrofe.com,,,,FALSE,TRUE,aspmx.l.google.com,g-suite,
Patricia,tricia@theurbangrape.com,9105850836,,valid,,tricia,theurbangrape.com,,,,FALSE,TRUE,aspmx.l.google.com,g-suite,
Neville,nevillem@titancondoms.com,,,valid,,nevillem,titancondoms.com,,,,FALSE,TRUE,aspmx.l.google.com,g-suite,
Robert,dotdancer@gmail.com,,,valid,,dotdancer,gmail.com,,,,TRUE,TRUE,alt1.gmail-smtp-in.l.google.com,google,
Kelly,Kelly@andrewhanoun.com,4432350029,,valid,,kelly,andrewhanoun.com,,,,FALSE,TRUE,aspmx.l.google.com,g-suite,
Adam,adam@shikiwrap.com,,,invalid,mailbox_not_found,adam,shikiwrap.com,,,,FALSE,TRUE,mx1-us1.ppe-hosted.com,proofpoint,
Lia Foster Ujimoto,sachicogifts@gmail.com,,,valid,,sachicogifts,gmail.com,,,,TRUE,TRUE,alt1.gmail-smtp-in.l.google.com,google,
Lena Magi,hello@be-you-group.com.au,7047462363,,invalid,no_dns_entries,hello,be-you-group.com.au,,,,FALSE,FALSE,,,
NATALIE MILLER!,nataliepassmiller@gmail.com,3172964951,,valid,,nataliepassmiller,gmail.com,,,,TRUE,TRUE,alt1.gmail-smtp-in.l.google.com,google,
david,david@honesthistorymag.com,985-718-1466,,valid,,david,honesthistorymag.com,,,,FALSE,TRUE,aspmx.l.google.com,g-suite,
Ashlee,foxashlee1985@gmail.com,,,valid,,foxashlee1985,gmail.com,,,,TRUE,TRUE,alt1.gmail-smtp-in.l.google.com,google,
David Baker,davidbakerinc@gmail.com,,,valid,,davidbakerinc,gmail.com,,,,TRUE,TRUE,alt1.gmail-smtp-in.l.google.com,google,
ROBERT ROTONDO,ctcardexchange@aol.com,5163046733,,valid,,ctcardexchange,aol.com,,,,TRUE,TRUE,mx-aol.mail.gm0.yahoodns.net,yahoo,
Ambuj Vats,ambuj@ecomcouch.com,(919) 260-0603,,invalid,no_dns_entries,ambuj,ecomcouch.com,,,,FALSE,FALSE,,,
sarah,info@kinberg.ca,(919) 260-0603,,do_not_mail,role_based,info,kinberg.ca,,,,FALSE,TRUE,aspmx.l.google.com,g-suite,
Linda Pagnotta,linda.pagnotta@sodexo.com,,,invalid,mailbox_not_found,linda.pagnotta,sodexo.com,Pagnotta,Linda,,FALSE,TRUE,mxa-00009201.gslb.pphosted.com,proofpoint,
Mani,capital96@outlook.com,6176318401,,valid,,capital96,outlook.com,,,,TRUE,TRUE,outlook-com.olc.protection.outlook.com,microsoft,
Isaac,isaacalexvz@gmail.com,,,valid,,isaacalexvz,gmail.com,,,,TRUE,TRUE,alt1.gmail-smtp-in.l.google.com,google,
KATIE SCHMID,dingusdesignssup@gmail.com,,,valid,,dingusdesignssup,gmail.com,,,,TRUE,TRUE,alt1.gmail-smtp-in.l.google.com,google,
Senchara Chadwick,schadwick88@gmail.com,216.644.0216,,invalid,mailbox_quota_exceeded,schadwick88,gmail.com,,,,TRUE,TRUE,alt1.gmail-smtp-in.l.google.com,google,
Chris,chris.latchford21@gmail.com,5082089825,,valid,,chrislatchford21,gmail.com,,,,TRUE,TRUE,alt1.gmail-smtp-in.l.google.com,google,
Justin Kicklighter,justin@rdymfg.com,8687868985,,valid,,justin,rdymfg.com,,,,FALSE,TRUE,rdymfg-com.mail.protection.outlook.com,microsoft,
Tyler,tyler.nadeau65@icloud.com,,,valid,,tyler.nadeau65,icloud.com,,,,TRUE,TRUE,mx01.mail.icloud.com,apple,
Amanda,amanda@balanceinstyle.com,,,valid,,amanda,balanceinstyle.com,,,,FALSE,TRUE,aspmx.l.google.com,g-suite,
Brittany,brittany.pavao@gmail.com,,,valid,,brittanypavao,gmail.com,brittany,pavao,female,TRUE,TRUE,alt1.gmail-smtp-in.l.google.com,google,
Bann Matson,banmatson@gmail.com,,,valid,,banmatson,gmail.com,,,,TRUE,TRUE,alt1.gmail-smtp-in.l.google.com,google,
Tony,info@billoos.com,,,do_not_mail,role_based,info,billoos.com,,,,FALSE,TRUE,aspmx.l.google.com,g-suite,
Leigh Fernandez,leigh@nugevity.com,,,valid,,leigh,nugevity.com,,,,FALSE,TRUE,aspmx.l.google.com,g-suite,
Alex Portee,pjjtdistributors@gmail.com,,,valid,,pjjtdistributors,gmail.com,,,,TRUE,TRUE,alt1.gmail-smtp-in.l.google.com,google,
Damien Weller,darien.r.weller@gmail.com,,,valid,,darienrweller,gmail.com,,,,TRUE,TRUE,alt1.gmail-smtp-in.l.google.com,google,
Elizabeth,Elizabethwilson0@yahoo.com,504-606-9405,,valid,,elizabethwilson0,yahoo.com,Elizabeth,Wilson,female,TRUE,TRUE,mta6.am0.yahoodns.net,yahoo,
Jas,jasmarie121@gmail.com,708-280-5885,,valid,alternate,jasmarie121,gmail.com,,,,TRUE,TRUE,alt1.gmail-smtp-in.l.google.com,google,
Anita,amiller@dani-toronto.com,708-280-5885,,valid,,amiller,dani-toronto.com,,,,FALSE,TRUE,aspmx.l.google.com,g-suite,
JOYCE DOWRIDGE,jldcards2@gmail.com,9546571359,,valid,,jldcards2,gmail.com,,,,TRUE,TRUE,alt1.gmail-smtp-in.l.google.com,google,
HEATHER BIAGAS,lilmamaintx@yahoo.com,,,abuse,,lilmamaintx,yahoo.com,,,,TRUE,TRUE,mta7.am0.yahoodns.net,yahoo,
RYLAN KODAK,rkodak500@gmail.com,,,valid,alternate,rkodak500,gmail.com,,,,TRUE,TRUE,alt1.gmail-smtp-in.l.google.com,google,
Douglas Mandel,douglas@specandle.com,,,valid,,douglas,specandle.com,,,,FALSE,TRUE,aspmx.l.google.com,g-suite,
Libby Shelley,Libshelley@gmail.com,4842521505,,valid,,libshelley,gmail.com,,,,TRUE,TRUE,alt1.gmail-smtp-in.l.google.com,google,
Desiree thomas,skinateleven@gmail.com,,,valid,,skinateleven,gmail.com,,,,TRUE,TRUE,alt1.gmail-smtp-in.l.google.com,google,
Rony,rony@ronys.restaurant,(919) 260-0603,,valid,,rony,ronys.restaurant,,,,FALSE,TRUE,aspmx.l.google.com,g-suite,
RAVAUGHN CROWL"EY,raythedesigner1@yahoo.com,4842521505,,valid,,raythedesigner1,yahoo.com,,,,TRUE,TRUE,mta5.am0.yahoodns.net,yahoo,
RILEY CONNOR,riley@praxispr.ca,,,valid,,riley,praxispr.ca,,,,FALSE,TRUE,mx1-us2.ppe-hosted.com,proofpoint,
steve,steve@emeraldcoastdisti.com,3059227317,,invalid,does_not_accept_mail,steve,emeraldcoastdisti.com,,,,FALSE,FALSE,,,
Robin,willyg.ecc@gmail.com,864-663-1845,,valid,,willygecc,gmail.com,,,,TRUE,TRUE,alt1.gmail-smtp-in.l.google.com,google,
TORBEN NIELSEN,ntcusainc@gmail.com,361236916,,valid,,ntcusainc,gmail.com,,,,TRUE,TRUE,alt1.gmail-smtp-in.l.google.com,google,
JOSEPH MAJORS,J@breathenfresh.com,(541)727-8981,,valid,alternate,j,breathenfresh.com,,,,FALSE,TRUE,mx.zoho.com,zoho,
CORTINA NELSON,liteavibe820@yahoo.com,,,valid,alternate,liteavibe820,yahoo.com,,,,TRUE,TRUE,mta6.am0.yahoodns.net,yahoo,
ANGELA BETZ,angela.betzz@outlook.com,,,valid,,angela.betzz,outlook.com,angela,betzz,female,TRUE,TRUE,outlook-com.olc.protection.outlook.com,microsoft,
MIRENA CUSANO,animaluxurycandles@gmail.com,864-663-1845,,valid,,animaluxurycandles,gmail.com,,,,TRUE,TRUE,alt1.gmail-smtp-in.l.google.com,google,
JUSTIN STOCKE,jstocke109@gmail.com,2017239904,,valid,alternate,jstocke109,gmail.com,,,,TRUE,TRUE,alt1.gmail-smtp-in.l.google.com,google,
NINA NIKOLAYEVA,nina.vvlogistics@gmail.com,,,valid,,ninavvlogistics,gmail.com,nina,vvlogistics,female,TRUE,TRUE,alt1.gmail-smtp-in.l.google.com,google,
JESSIE,jcourtney@suttonplanning.ca,,,valid,,jcourtney,suttonplanning.ca,,,,FALSE,TRUE,suttonplanning-ca.mail.protection.outlook.com,microsoft,
Vish,lightnlovee@gmail.com,Phone,,valid,,lightnlovee,gmail.com,,,,TRUE,TRUE,alt1.gmail-smtp-in.l.google.com,google,
LINDA KHMELNYTSKA,linda.khmelnytska@gmail.com,test,,valid,,lindakhmelnytska,gmail.com,linda,khmelnytska,female,TRUE,TRUE,alt1.gmail-smtp-in.l.google.com,google,
Jennifer,jennifer.mazkirah@gmail.co,-,,invalid,possible_typo,jennifer.mazkirah,gmail.co,,,,FALSE,FALSE,,,jennifer.mazkirah@gmail.com
Megan Lewis,megan.leslie.lewis@gmail.com,630-235-1002,,valid,,meganleslielewis,gmail.com,,,,TRUE,TRUE,alt1.gmail-smtp-in.l.google.com,google,
Carrie Caruso,carriehcaruso@gmail.com,630-235-1002,,valid,,carriehcaruso,gmail.com,Carrie,Caruso,female,TRUE,TRUE,alt1.gmail-smtp-in.l.google.com,google,
Sharon,Shaaolinc@gmail.com,504-606-9405,,valid,,shaaolinc,gmail.com,,,,TRUE,TRUE,alt1.gmail-smtp-in.l.google.com,google,
mariam nichols,info@fromtheearthcanada.com,630-235-1002,,do_not_mail,role_based_catch_all,info,fromtheearthcanada.com,,,,FALSE,TRUE,fromtheearthcanada-com.mail.protection.outlook.com,microsoft,
Warren W. Currier Jr.,gig@lightlink.com,7575242692,,invalid,mailbox_not_found,gig,lightlink.com,,,,FALSE,TRUE,inbound-smtp.us-east-1.amazonaws.com,amazon-aws,
Alanna Reece,alanna@alanna.io,6048422744,,catch-all,,alanna,alanna.io,,,,FALSE,TRUE,alanna-io.mail.protection.outlook.com,microsoft,
Cathy Cheung,sinfullycath@gmail.com,6198844577,,valid,,sinfullycath,gmail.com,,,,TRUE,TRUE,alt1.gmail-smtp-in.l.google.com,google,
Alyssa Bull,alyssa.bull@arterracanada.com,9727639809,,valid,,alyssa.bull,arterracanada.com,alyssa,bull,female,FALSE,TRUE,arterracanada-com.mail.protection.outlook.com,microsoft,
D'Arcy Demoe,ddemoe@harvestcatering.ca,-,,catch-all,,ddemoe,harvestcatering.ca,,,,FALSE,TRUE,harvestcatering-ca.mail.protection.outlook.com,microsoft,
Jamie,finance@thelionproject.org,9727639809,,do_not_mail,role_based_catch_all,finance,thelionproject.org,,,,FALSE,TRUE,smtp.google.com,,
Priscilla Suh,info@icrewusa.com,9172395122,,do_not_mail,role_based_catch_all,info,icrewusa.com,,,,FALSE,TRUE,icrewusa-com.mail.protection.outlook.com,microsoft,
Brian,bondracek@pioneerclubs.org,-,,valid,,bondracek,pioneerclubs.org,,,,FALSE,TRUE,pioneerclubs-org.mail.protection.outlook.com,microsoft,
Brittany OLeary,bcavicchia@gmail.com,-,,invalid,mailbox_quota_exceeded,bcavicchia,gmail.com,Brittany,Cavicchia,female,TRUE,TRUE,alt1.gmail-smtp-in.l.google.com,google,
Catherine Ho,homadesweetsllc@gmail.com,-,,valid,,homadesweetsllc,gmail.com,,,,TRUE,TRUE,alt1.gmail-smtp-in.l.google.com,google,
peter merzbacher,pete@merzbachers.com,3233360093,,valid,,pete,merzbachers.com,,,,FALSE,TRUE,aspmx.l.google.com,g-suite,
sheikh ahmed,eleganvera@gmail.com,3233360093,,valid,,eleganvera,gmail.com,,,,TRUE,TRUE,alt1.gmail-smtp-in.l.google.com,google,
Jean-Paul,jp.blanchet9@gmail.com,630-235-1002,,valid,,jpblanchet9,gmail.com,,,,TRUE,TRUE,alt1.gmail-smtp-in.l.google.com,google,
john acosta,jacosta2611@gmail.com,403-392-7727,,valid,alternate,jacosta2611,gmail.com,John,Acosta,male,TRUE,TRUE,alt1.gmail-smtp-in.l.google.com,google,
Andre,tga088@aol.com,-,,valid,alternate,tga088,aol.com,Andre,Coiro,male,TRUE,TRUE,mx-aol.mail.gm0.yahoodns.net,yahoo,
emily shea,info@floxhair.com,-,,do_not_mail,role_based_catch_all,info,floxhair.com,,,,FALSE,TRUE,floxhair-com.mail.protection.outlook.com,microsoft,
Priti Jain,pritihennaart@gmail.com,3479449723,,valid,,pritihennaart,gmail.com,,,,TRUE,TRUE,alt1.gmail-smtp-in.l.google.com,google,
Yanik,yanik@envsnfestival.com,3479449723,,invalid,mailbox_not_found,yanik,envsnfestival.com,,,,FALSE,TRUE,aspmx.l.google.com,g-suite,
Inder Panesar,inder.k.panesar@gmail.com,3479449723,,valid,,inderkpanesar,gmail.com,,,,TRUE,TRUE,alt1.gmail-smtp-in.l.google.com,google,
Mike,contactus@driviagame.com,9727639809,,do_not_mail,role_based_catch_all,contactus,driviagame.com,,,,FALSE,TRUE,mx1-us1.ppe-hosted.com,proofpoint,
diane,dianni3@hotmail.com,9727639809,,valid,,dianni3,hotmail.com,,,,TRUE,TRUE,hotmail-com.olc.protection.outlook.com,microsoft,
Ty,info@eustressinc.org,7077616167,,do_not_mail,role_based,info,eustressinc.org,,,,FALSE,TRUE,aspmx.l.google.com,g-suite,
Christina Thomas,c.thomas119@gmail.com,7867734431,,valid,alternate,cthomas119,gmail.com,,,,TRUE,TRUE,alt1.gmail-smtp-in.l.google.com,google,
Via Duality,viaduality@gmail.com,9727639809,,valid,,viaduality,gmail.com,,,,TRUE,TRUE,alt1.gmail-smtp-in.l.google.com,google,
Laura Vogel,Laura.m.vogel@gmail.com,-,,valid,,lauramvogel,gmail.com,,,,TRUE,TRUE,alt1.gmail-smtp-in.l.google.com,google,
Carmen Barner,carmybarner@aol.com,-,,valid,,carmybarner,aol.com,Carmen,Barner,female,TRUE,TRUE,mx-aol.mail.gm0.yahoodns.net,yahoo,
Victoria Brannigan,thequeenslovelythings@gmail.com,-,,valid,,thequeenslovelythings,gmail.com,,,,TRUE,TRUE,alt1.gmail-smtp-in.l.google.com,google,
Karen Tirado,sienaspasta@gmail.com,3479449723,,valid,,sienaspasta,gmail.com,,,,TRUE,TRUE,alt1.gmail-smtp-in.l.google.com,google,
Jose Delahoz,p.delahoz@canably.com,-,,catch-all,,p.delahoz,canably.com,,,,FALSE,TRUE,mx.canably.com,,
Macey,macey@allstateroof.com,(985)637-2493,,valid,,macey,allstateroof.com,,,,FALSE,TRUE,aspmx.l.google.com,g-suite,
Nohany Amorim,worthyourpenny@yahoo.com,773-480-6975,,valid,,worthyourpenny,yahoo.com,,,,TRUE,TRUE,mta5.am0.yahoodns.net,yahoo,
Leanne,siblingsoapcompany@gmail.com,(305) 219-3398,,valid,,siblingsoapcompany,gmail.com,,,,TRUE,TRUE,alt1.gmail-smtp-in.l.google.com,google,
Sarah,sarahafloyd96@gmail.com,1111111,,valid,,sarahafloyd96,gmail.com,,,,TRUE,TRUE,alt1.gmail-smtp-in.l.google.com,google,
jan,idoloans127@aol.com,4252385117,,valid,alternate,idoloans127,aol.com,Jan,Violetto,female,TRUE,TRUE,mx-aol.mail.gm0.yahoodns.net,yahoo,
Kristen Cardinal,info@sincerelyroots.com,-,,do_not_mail,role_based,info,sincerelyroots.com,,,,FALSE,TRUE,aspmx.l.google.com,g-suite,
Aron Garcia,malaia@40moons.com,4252385117,,invalid,mailbox_not_found,malaia,40moons.com,,,,FALSE,TRUE,aspmx.l.google.com,g-suite,
vanessa,libosvanessa@gmail.com,5149514757,,valid,,libosvanessa,gmail.com,,,,TRUE,TRUE,alt1.gmail-smtp-in.l.google.com,google,
Ryan bray,mydamnpaint@gmail.com,9567449463,,valid,,mydamnpaint,gmail.com,,,,TRUE,TRUE,alt1.gmail-smtp-in.l.google.com,google,
Aubriana Labajo-Duran,adorkablegeeks@gmail.com,6199259621,,valid,,adorkablegeeks,gmail.com,,,,TRUE,TRUE,alt1.gmail-smtp-in.l.google.com,google,
jennele moschella,partystuffers@gmail.com,7088290399,,valid,,partystuffers,gmail.com,,,,TRUE,TRUE,alt1.gmail-smtp-in.l.google.com,google,
Gary Louis Williams,garyw3034@gmail.com,-,,valid,alternate,garyw3034,gmail.com,,,,TRUE,TRUE,alt1.gmail-smtp-in.l.google.com,google,
Tyanna Robertson,robertsontyanna@gmail.com,3238403667,,valid,,robertsontyanna,gmail.com,,,,TRUE,TRUE,alt1.gmail-smtp-in.l.google.com,google,
Massiel Guerrero,mas@legacyprinthouse.com,3058124920,,valid,,mas,legacyprinthouse.com,,,,FALSE,TRUE,aspmx.l.google.com,g-suite,
Thomas Stuart,tstuart@thermea.ca,-,,valid,,tstuart,thermea.ca,,,,FALSE,TRUE,thermea-ca.mail.protection.outlook.com,microsoft,
Ari,sparklemilo633@gmail.com,-,,valid,alternate,sparklemilo633,gmail.com,,,,TRUE,TRUE,alt1.gmail-smtp-in.l.google.com,google,
Lori,Llricemd@gmail.com,517-898-4064,,valid,,llricemd,gmail.com,,,,TRUE,TRUE,alt1.gmail-smtp-in.l.google.com,google,
Michael,michael.ortiz@corporsolutionsllc.com,6789719588,,invalid,no_dns_entries,michael.ortiz,corporsolutionsllc.com,,,,FALSE,FALSE,,,
R Edwards,wheatpennyprovisions@gmail.com,517-898-4064,,valid,,wheatpennyprovisions,gmail.com,,,,TRUE,TRUE,alt1.gmail-smtp-in.l.google.com,google,
Jasmine,jcvelazquez88@gmail.com,7135430811,,valid,,jcvelazquez88,gmail.com,,,,TRUE,TRUE,alt1.gmail-smtp-in.l.google.com,google,
Flo,flokagan120@gmail.com,7135430811,,valid,alternate,flokagan120,gmail.com,Florence,Kagan,female,TRUE,TRUE,alt1.gmail-smtp-in.l.google.com,google,
Kim,sales@classicgoldenpecans.com,2677164492,,do_not_mail,role_based,sales,classicgoldenpecans.com,,,,FALSE,TRUE,mx1.emailsrvr.com,rackspace,
Kiki Tsui,Kiki.tsui@thinklucid.com,-,,valid,,kiki.tsui,thinklucid.com,kiki,tsui,female,FALSE,TRUE,thinklucid-com.mail.protection.outlook.com,microsoft,
Havina,havina.maheshan@gmail.com,-,,valid,,havinamaheshan,gmail.com,,,,TRUE,TRUE,alt1.gmail-smtp-in.l.google.com,google,
David,alex@brazentree.com,-,,invalid,no_dns_entries,alex,brazentree.com,,,,FALSE,FALSE,,,
"jason koch,",jmk81@comcast.net,-,,abuse,,jmk81,comcast.net,Koch,Jason,,TRUE,TRUE,mx1.mxge.comcast.net,comcast,
Scott Jorden,scott.jordan@clippercorp.com,(504) 838-8200,,valid,,scott.jordan,clippercorp.com,scott,jordan,male,FALSE,TRUE,mx1-us1.ppe-hosted.com,proofpoint,
Cesar,abbottcesar@hotmail.com,3432620601,,valid,,abbottcesar,hotmail.com,Abbott,Cesar,,TRUE,TRUE,hotmail-com.olc.protection.outlook.com,microsoft,
Ong Shia,shiayee7@gmail.com,-,,valid,,shiayee7,gmail.com,,,,TRUE,TRUE,alt1.gmail-smtp-in.l.google.com,google,
Philippe,lemacaron.milwaukee@gmail.com,602-570-6719,,valid,,lemacaronmilwaukee,gmail.com,,,,TRUE,TRUE,alt1.gmail-smtp-in.l.google.com,google,
jaffree,jaffree.brown@crowdriff.com,-,,invalid,mailbox_not_found,jaffreebrown,crowdriff.com,,,,FALSE,TRUE,aspmx.l.google.com,g-suite,
Andrea Klein,andrea.wright@bvisage.com,-,,valid,,andreawright,bvisage.com,andrea,wright,female,FALSE,TRUE,aspmx.l.google.com,g-suite,
Grant,grantdaignault@gmail.com,-,,valid,,grantdaignault,gmail.com,,,,TRUE,TRUE,alt1.gmail-smtp-in.l.google.com,google,
Riyaadh Essack,riboy7@zufasarimo.com,7192859199,,valid,,riboy7,zufasarimo.com,,,,FALSE,TRUE,host19.sagateway.com,,
Simeaka,simeaka@deargirlscamp.com,970 294-9646,,valid,,simeaka,deargirlscamp.com,,,,FALSE,TRUE,mx00.ionos.com,,
Kelsey Adams,info@etch.life,323.977.8443,,do_not_mail,role_based,info,etch.life,,,,FALSE,TRUE,aspmx.l.google.com,g-suite,
Alex,AFurquim@starfishmedical.com,-,,invalid,mailbox_not_found,afurquim,starfishmedical.com,,,,FALSE,TRUE,starfishmedical-com.mail.protection.outlook.com,microsoft,
Kalli Biegger,kalli.biegger@gmail.com,-,,valid,,kallibiegger,gmail.com,,,,TRUE,TRUE,alt1.gmail-smtp-in.l.google.com,google,
AJ Blum,info@blumloco.com,-,,invalid,no_dns_entries,info,blumloco.com,,,,FALSE,FALSE,,,
Jim Minidis,jim@28npg.com,-,,do_not_mail,mx_forward,jim,28npg.com,,,,FALSE,TRUE,route1.mx.cloudflare.net,,
Ryan,1x767rk@gmail.com,-,,valid,alternate,1x767rk,gmail.com,,,,TRUE,TRUE,alt1.gmail-smtp-in.l.google.com,google,
Tasty Kitchen Creations,tastykitchencreations@gmail.com,575-418-3135,,valid,,tastykitchencreations,gmail.com,,,,TRUE,TRUE,alt1.gmail-smtp-in.l.google.com,google,
Suzanne Appe,suzanne@youngceosquad.com,575-418-3135,,valid,,suzanne,youngceosquad.com,,,,FALSE,TRUE,youngceosquad-com.mail.protection.outlook.com,microsoft,
mindy,missmindychan@gmail.com,9039480345,,valid,,missmindychan,gmail.com,,,,TRUE,TRUE,alt1.gmail-smtp-in.l.google.com,google,
Kelsey,kelseyh7590@hotmail.com,6466647497,,valid,alternate,kelseyh7590,hotmail.com,,,,TRUE,TRUE,hotmail-com.olc.protection.outlook.com,microsoft,
Company Trinity Parfum Inc,trinity@trinityperfumes.com,616-204-4316,,catch-all,,trinity,trinityperfumes.com,,,,FALSE,TRUE,mx-biz.mail.am0.yahoodns.net,yahoo,
Maricela,spistyles@icloud.com,864-663-1845,,valid,,spistyles,icloud.com,,,,TRUE,TRUE,mx01.mail.icloud.com,apple,
LYN Ross,ladylynnsumner@gmail.com,9054314187,,valid,,ladylynnsumner,gmail.com,,,,TRUE,TRUE,alt1.gmail-smtp-in.l.google.com,google,
melissa,melissa@scottprintng.com,(315) 463-0639,,invalid,no_dns_entries,melissa,scottprintng.com,,,,FALSE,FALSE,,,
Victoria Gabrielle!,victoriagabriellellc@gmail.com,(315) 463-0639,,valid,,victoriagabriellellc,gmail.com,,,,TRUE,TRUE,alt1.gmail-smtp-in.l.google.com,google,
Cody Mead,mysupplypeople@gmail.com,(315) 463-0639,,valid,,mysupplypeople,gmail.com,,,,TRUE,TRUE,alt1.gmail-smtp-in.l.google.com,google,
Massimo,massimo@anconajewelers.com,-,,valid,,massimo,anconajewelers.com,,,,FALSE,TRUE,anconajewelers-com.mail.protection.outlook.com,microsoft,
holly fultz,hollyfultz@yahoo.com,877-493-7374,,valid,,hollyfultz,yahoo.com,Holly,Fultz,female,TRUE,TRUE,mta5.am0.yahoodns.net,yahoo,
Dasha Zolota,creative@maisonzolts.com,-,,do_not_mail,role_based,creative,maisonzolts.com,,,,FALSE,TRUE,aspmx.l.google.com,g-suite,
P bryant,paj_couture@yahoo.com,-,,valid,,paj_couture,yahoo.com,,,,TRUE,TRUE,mta7.am0.yahoodns.net,yahoo,
Nat Medeiros,nat@gatewayvc.ca,240-485-4290,,invalid,mailbox_not_found,nat,gatewayvc.ca,,,,FALSE,TRUE,mx.stackmail.com,,
anudeepan,anudeepan@eninearts.com,7786790123,,valid,,anudeepan,eninearts.com,,,,FALSE,TRUE,mail.eninearts.com,,
Judy Webb,Glencoegourmet@gmail.com,7786790123,,valid,,glencoegourmet,gmail.com,,,,TRUE,TRUE,alt1.gmail-smtp-in.l.google.com,google,
Lisa Kent,lisa.kent@ask.vet,7786790123,,valid,,lisakent,ask.vet,lisa,kent,female,FALSE,TRUE,aspmx.l.google.com,g-suite,
Leah Grace Jayso,Leah.j@taskjseveryday.com,-,,invalid,no_dns_entries,leah.j,taskjseveryday.com,,,,FALSE,FALSE,,,
Lucy Dean,lucy@lucygrymes.com,-,,valid,,lucy,lucygrymes.com,,,,FALSE,TRUE,aspmx.l.google.com,g-suite,
Yeh,yeh.freundlich@gmail.com,-,,valid,,yehfreundlich,gmail.com,,,,TRUE,TRUE,alt1.gmail-smtp-in.l.google.com,google,
Michelle Gehris,mcgehris@gehrislaw.com,-,,valid,,mcgehris,gehrislaw.com,,,,FALSE,TRUE,mx1-us1.ppe-hosted.com,proofpoint,
Clint McKague,clintmckague@hotmail.com,-,,valid,,clintmckague,hotmail.com,,,,TRUE,TRUE,hotmail-com.olc.protection.outlook.com,microsoft,
Susan,ssnleblanc@rogers.com,-,,catch-all,,ssnleblanc,rogers.com,,,,TRUE,TRUE,mx-rogers.mail.am0.yahoodns.net,yahoo,
Dave Titus,dave@strainz.com,3306470280,,valid,,dave,strainz.com,,,,FALSE,TRUE,strainz-com.mail.protection.outlook.com,microsoft,
Dhwani Satasia,sweetbrick20@gmail.com,817-528-5283.,,valid,,sweetbrick20,gmail.com,,,,TRUE,TRUE,alt1.gmail-smtp-in.l.google.com,google,
Oscar Cazares,ocmc513@gmail.com,-,,valid,alternate,ocmc513,gmail.com,,,,TRUE,TRUE,alt1.gmail-smtp-in.l.google.com,google,
Joko Darboe,jokodarboe16@yahoo.com,-,,valid,,jokodarboe16,yahoo.com,Kaoumar,Darboe,,TRUE,TRUE,mta5.am0.yahoodns.net,yahoo,
jun kim,ecligner5782@gmail.com,203-216-1598,,valid,alternate,ecligner5782,gmail.com,,,,TRUE,TRUE,alt1.gmail-smtp-in.l.google.com,google,
Devendra Patel,hdpin@yahoo.com,203-216-1598,,valid,,hdpin,yahoo.com,Devendra,Patel,,TRUE,TRUE,mta7.am0.yahoodns.net,yahoo,
Stelana,stelanaburns@gmail.com,403.399.7776,,valid,,stelanaburns,gmail.com,,,,TRUE,TRUE,alt1.gmail-smtp-in.l.google.com,google,
Nichole Thomas,savagerosecandles@gmail.com,7654273685,,valid,,savagerosecandles,gmail.com,,,,TRUE,TRUE,alt1.gmail-smtp-in.l.google.com,google,
Hannah Glover,hannah@island-products.com,877-493-7374,,invalid,no_dns_entries,hannah,island-products.com,,,,FALSE,FALSE,,,
ck,ckwun0605@gmail.com,8452901942,,valid,alternate,ckwun0605,gmail.com,,,,TRUE,TRUE,alt1.gmail-smtp-in.l.google.com,google,
Jaimie,callit5grace@gmail.com,877-493-7374,,valid,,callit5grace,gmail.com,,,,TRUE,TRUE,alt1.gmail-smtp-in.l.google.com,google,
Andrew FUN,andrew@funinc.com,6186103540,,catch-all,,andrew,funinc.com,,,,FALSE,TRUE,funinc-com.mail.protection.outlook.com,microsoft,
Angelique Teodosio,angelique@johnsonsgadgets.com,-,,invalid,mailbox_not_found,angelique,johnsonsgadgets.com,,,,FALSE,TRUE,aspmx.l.google.com,g-suite,
Ollyvia Putri,lapis.chicago@gmail.com,-,,valid,,lapischicago,gmail.com,,,,TRUE,TRUE,alt1.gmail-smtp-in.l.google.com,google,
natasha,tasharyz@gmail.com,647-992-1993,,valid,,tasharyz,gmail.com,,,,TRUE,TRUE,alt1.gmail-smtp-in.l.google.com,google,
phil baden,PBaden@baesman.com,6318275284,,invalid,mailbox_not_found,pbaden,baesman.com,,,,FALSE,TRUE,baesman-com.mail.protection.outlook.com,microsoft,
Bradley De Leon,deleon.bradleyx@gmail.com,4843357133,,valid,,deleonbradleyx,gmail.com,,,,TRUE,TRUE,alt1.gmail-smtp-in.l.google.com,google,
luke schneider,forestdaleincense@gmail.com,4843357133,,valid,,forestdaleincense,gmail.com,,,,TRUE,TRUE,alt1.gmail-smtp-in.l.google.com,google,
josh,rjsinger@jjse.ca,509-919-5364,,valid,,rjsinger,jjse.ca,,,,FALSE,TRUE,aspmx.l.google.com,g-suite,
Tom,mr.tom2g@gmail.com,2193939138,,valid,,mrtom2g,gmail.com,,,,TRUE,TRUE,alt1.gmail-smtp-in.l.google.com,google,
shane,shanewatson363@outlook.com,2017577710,,valid,alternate,shanewatson363,outlook.com,,,,TRUE,TRUE,outlook-com.olc.protection.outlook.com,microsoft,
Sevil Deljavan,sevil@thegoodsoy.com,3103293130,,invalid,no_dns_entries,sevil,thegoodsoy.com,,,,FALSE,FALSE,,,
Yuriy!,qspors@gmail.com,2017577710,,valid,,qspors,gmail.com,,,,TRUE,TRUE,alt1.gmail-smtp-in.l.google.com,google,
Dan,dan@rocketfarmstudios.com,347.946.2712,,valid,,dan,rocketfarmstudios.com,,,,FALSE,TRUE,aspmx.l.google.com,g-suite,
Hunter DePorter,medplant@four20labs.com,509-919-5364,,valid,,medplant,four20labs.com,,,,FALSE,TRUE,four20labs-com.mail.protection.outlook.com,microsoft,
carl,dionigj@gmail.com,7654273685,,valid,,dionigj,gmail.com,Dionicio,Jimenez,male,TRUE,TRUE,alt1.gmail-smtp-in.l.google.com,google,
Jeannette Yeon,jyeonbzk@gmail.com,3103293130,,valid,,jyeonbzk,gmail.com,,,,TRUE,TRUE,alt1.gmail-smtp-in.l.google.com,google,
Accardo,thesticechef@yahoo.com,3103293130,,invalid,mailbox_not_found,thesticechef,yahoo.com,,,,TRUE,TRUE,mta5.am0.yahoodns.net,yahoo,
john,johnq.launchpadsolutions@gmail.com,,,valid,,johnqlaunchpadsolutions,gmail.com,,,,TRUE,TRUE,alt1.gmail-smtp-in.l.google.com,google,
jonsey wood,jonesy@jonesywood.com,877-493-7374,,valid,,jonesy,jonesywood.com,,,,FALSE,TRUE,aspmx.l.google.com,g-suite,
Sara Fownes,sara.laura.ross@outlook.com,9148445520,,valid,,sara.laura.ross,outlook.com,,,,TRUE,TRUE,outlook-com.olc.protection.outlook.com,microsoft,
Andrea,diyhomedecorbox@gmail.com,-,,valid,,diyhomedecorbox,gmail.com,,,,TRUE,TRUE,alt1.gmail-smtp-in.l.google.com,google,
jen sharp,Jen@teamworksmfg.ca,-,,invalid,mailbox_not_found,jen,teamworksmfg.ca,,,,FALSE,TRUE,aspmx.l.google.com,g-suite,
macro,mocro3@gmail.com,902 669 1229,,valid,,mocro3,gmail.com,Maureen,Cronin,female,TRUE,TRUE,alt1.gmail-smtp-in.l.google.com,google,
Mu Yin,mu.yin@mxqlifewater.com,773-454-9242,,do_not_mail,global_suppression,mu.yin,mxqlifewater.com,,,,FALSE,FALSE,,,
Mike,contact@sthelenshempworks.com,516-589-1806,,do_not_mail,role_based,contact,sthelenshempworks.com,,,,FALSE,TRUE,aspmx.l.google.com,g-suite,
Karson Michelle,neakitaflorals@gmail.com,416-819-0602,,valid,,neakitaflorals,gmail.com,,,,TRUE,TRUE,alt1.gmail-smtp-in.l.google.com,google,
Justin,justin@joyteriyaki.com,3103293130,,valid,,justin,joyteriyaki.com,,,,FALSE,TRUE,aspmx.l.google.com,g-suite,
Dustin,DLeighton@postoakmotors.com,0412 799 928,,valid,,dleighton,postoakmotors.com,,,,FALSE,TRUE,mx1-us2.ppe-hosted.com,proofpoint,
Max,max@freshleafbrands.com,0412 799 928,,valid,,max,freshleafbrands.com,,,,FALSE,TRUE,aspmx.l.google.com,g-suite,
Solana,solana.business@gmail.com,0412 799 928,,valid,,solanabusiness,gmail.com,,,,TRUE,TRUE,alt1.gmail-smtp-in.l.google.com,google,
Arvin,arvin@torisho.ca,9046526465,,catch-all,,arvin,torisho.ca,,,,FALSE,TRUE,torisho-ca.mail.protection.outlook.com,microsoft,
Crystal Teesdale,crystalteesdale@gmail.com,-,,valid,,crystalteesdale,gmail.com,,,,TRUE,TRUE,alt1.gmail-smtp-in.l.google.com,google,
Trish,tveneziano@conproco.com,7143986806,,valid,,tveneziano,conproco.com,,,,FALSE,TRUE,conproco-com.mail.protection.outlook.com,microsoft,
chris,chris@missionnutrition.com,7143986806,,catch-all,,chris,missionnutrition.com,,,,FALSE,TRUE,missionnutrition-com.mail.protection.outlook.com,microsoft,
