Name,Email,Number,
AJ Hoover,huckgoggles@gmail.com,5413610617,206-313-4515
Fumiko Jenkins,fumiko22@hotmail.com,4058211191,206-313-4515
Mike Russell,mikerussell@dougrussell.com,5087914917,
April de Haan,april@brydge.com,4356405030,
Colm O\'Kane,colm.okane@gmail.com,353 86 3148726,
Amanda Baldor,amanda.baldor@delos.com,,
George,george@iwalldock.com,425-505-1100,5194950464
Albana,albanaprekuli@aol.com,9148307786,405-320-0801
Jesse Asklund,jesse@saucesubscription.com,2817774405,206-313-4515
Sacha Granger,cheesecake_cupcakes@yahoo.com,3107746701,206-313-4515
Anna Erasmus,anna@tamborinelavender.com.au,439188696,7067268775
LaTisha Pickett,blueroseconfections@gmail.com,757-726-3302,7067268775
Kimberly Washington,kimcolove80@gmail.com,5043908825,8182039507
Nick,ncornett@kickxswap.com,9165449322,8182039507
Raquel Gutierrez,queltzincosmetics@gmail.com,6266417088,7605182431
Julie,candlehauscandleco@gmail.com,2533344093,
Vi Henderson,macandcream@gmail.com,6822262141,
Cindy,wholesale@fulkersonwinery.com,5857215031,
Ike,northstarpro2006@gmail.com,5165261181,954.817.4767
Mirko D\'Alessio,trinitaly17@gmail.com,8687868985,954.817.4767
Hunter,hunter@igniteyoursupplychain.com,404-717-5883,954.817.4767
Fer Espinosa Braniff,fer@cosmetic-colors.com,202322042,954.817.4767
Ryo Takamoto,ryo@shinsengumigroup.com,3103080349,954.817.4767
Kim,kimi.ttp@gmail.com,,954.817.4767
Jennifer Louise,j_dizzy03@yahoo.com,5712477380,4052689221
Emmanuel,kandvprod@gmail.com,9567561496,
Anna Rosales,gaby_gallardo17@hotmail.com,8182618364,4432350029
Jonathan Friedman,jonathan9271@gmail.com,4086057712,4432350029
Ziba,Zibasabet2011@gmail.com,,
Cherish Lytle,cherish@mybuskins.com,7147855126,413-519-1524
,coop.image@yahoo.com,9857223280,413-519-1524
Ciera Kelley,cierakelley08@gmail.com,5012476012,7162286855
Drew Beougher,drew@safeppeus.com,816-678-5449,
Scott Camilli,scott@wanderbroth.com,3107300037,6786166627
Joyce Chow,jtc@drizen-dohs.com,818-772-9555,
Heather Bennett,heathernoellebennett@gmail.com,5857481282,
Karen,karen@palmorganix.com,8557256223,8182039507
Jeff,customerservice@jeffsbesthemp.com,5628811587,8182039507
Shannon Di Russo,Shannonsashacampbell@gmail.com,5628811587,
Allison,allisonhouston20@gmail.com,5183343113,
NICOLAS,nicolas@sabaxter.com,2293086993,
Celeste Perez,celesterperez11@gmail.com,7324016867,9105850836
Ome,snackvoyage@gmail.com,512-865-0355,9105850836
Maria,admin@ideamakers.net,7203695423,
Allison Inesta,allison@promolabtx.com,3056153320,
David,d.evans72@icloud.com,4757474028,
Sarah Culclasure,sarah@riddledesignco.com,9098212400,714-470-8696
Jeffrey Welch,jeffmwelch@yahoo.com,8649336613,714-470-8696
Adam,adam@mantisx.com,2148936241,714-470-8696
Romina,r_andrea_ltr@hotmail.com,,714-470-8696
John Havel,john@tactileturn.com,,714-470-8696
Mary Shoemaker,mary@duckandrose.com,2102745854,714-470-8696
kasama thampiruk,fotostreet@hotmail.com,4803070700,714-470-8696
Van Burnham,van@supercade.com,6197926914,714-470-8696
Lucinda Jane,luce@jewelrythis.com,3106501999,714-470-8696
DELILAH,delilahko@sacredmayangods.com,836519042,5165891806
Julie Lautz,juliekeverhart@gmail.com,7142490272,
Jean Kuhn,jean@jeankuhn.co,9712124537,7067268775
Ben,bspoelhof@amystormandco.com,,7067268775
Jesse Enciso,jesseenciso7@gmail.com,6303024929,9105850836
MIke Smolka,info@photofinishracing.net,6304740307,9105850836
Dan Barron,dan@maplevalley.coop,9517967931,8182039507
koid starks,take1ads@gmail.com,4802969375,418-780-3335
Madison Middle,madison@fivestarortho.com,8155413261,418-780-3335
Jeff Henderson,jeff@scrummymunch.com,9169104258,418-780-3335
LINDSAY LAMLEY,lindsay@doughgirlconfections.com,18005212351,418-780-3335
Barbara Zobrist,jason.haslob@nninc.com,5127134783,9105850836
Alexander Cheung,alexcheung28@hotmail.com,2396824429,9105850836
Zack,voirvisionco@gmail.com,2033367497,
Marylene Kyriazis,marylenek@gmail.com,6266365716,
Siham Jamai,darjamai17@gmail.com,,3854983577
Robyn Sarile,rsarile456@yahoo.com,7783840474,587-686-0288
Arend Westra,arend.westra@gmail.com,85872348,
mikeal,mikeal@ecohempwholesale.com,2134580774,
Malala,malalarebecca3434@gmail.com,8584618550,
Monique,mrterry09@gmail.com,,8182039507
Laura,laura@nova-jewellery.co.uk,3106501999,
Taylor,taylor@asraigarden.com,233249175898,
Richard,richard-azar@outlook.com,7034083097,
Rachel,Conciergeskin@gmail.com,,
Jeff,jeff@scrummymunch.com,,6784272299
Giftology,Giftologygoods@gmail.com,,6784272299
Kacey Williams,sales@kickybox.com,424-380-3155,6784272299
Karla Hernandez,Karla@nightowlcookieco.com,,6784272299
Conrad Lamour,info@conradlamour.com,,
Jeff,,7203695423,
"Jayne Hickey,",,704.307.3393,
joses,wongjoses@gmail.com,(407)747-2754,
Jose,alfcomputacion@gmail.com,6175290907,
shenon,shannonsashacampbell@gmail.com,,2816277833
Nickalia Kinkead,nickalia.kinkead@gmail.com,(407)747-2754,(919) 260-0603
Grace,happy@deservedhappiness.com,610-613-3960,9105850836
Mirko,trinitaly17@gmail.com,,
,bbridalmakeup@gmail.com,,
Fady Gharib,fggharib35@gmail.com,,
Chris Eddlemon,chris@findyourcur.com,8765428450,
Karthik Kaleedhass,kar@karsofsystems.com,,9105850836
Eric,beste@radial.com,,
Cece,Allimrac@outlook.com,353879472226,
Jessica,jessica@jessicanailsupply.com,9739780002,4432350029
Arend,arend@erthefoods.com,,
Brenda,brenda@provencalbakery.com,2816277833,
Barbara,barbara.crawforddesigns@comcast.net,859.620-9922,7047462363
Nathan,nathan_lillie@yahoo.com,,3172964951
Addilen Martinez,addymartinez58@gmail.com,416-666-1556,
JING PALASIGUE,chef_jingkeyk@yahoo.com,858.663.7829,985-718-1466
TRABELSI,marketing@myticandles.fr,,985-718-1466
Tom,cbday2@gmail.com,8166739081,985-718-1466
Donna DeSantis,dmdesantis@icloud.com,4253504324,
Mitch Potvin,mitch.potvin@yahoo.com,2816277833,
Sandra,marshallhmmadegoodies@gmail.com,305)336-0935,5163046733
fumi,thepurpleroot831@gmail.com,8478774435,(919) 260-0603
Valerie,Valerie.Benites@loreal.com,,(919) 260-0603
Cayley Walker,cayleywalker98@gmail.com,7067268775,708-336-0657
Mike,mail@sf-notifications.com,862-284-8308,
DAN GRANT,drdangrant@hotmail.com,289 527 6414,6176318401
Robert,modulargameshq@gmail.com,(228) 284-9179,
Tim,timothy.vevoda@gmail.com,2816277833,
Jamila,info@sheebli.com,929-234-8261,216.644.0216
INDYA DURHAM,indyadurham@gmail.com,305-970-0590,5082089825
MARIE-HELENE,info@bebefafa.ca,305-970-0590,8687868985
Sarah,sahara@promosupplyhouse.com,,
Edwin Molina,edwin.molina@benjaminmoore.com,847-830-3157,
Natalia Vilas Boas,natalia@ensomatcha.co.uk,6025022602,
Laneshia Sutton,Suttonmakesscents@gmail.com,2165434962,
Ashley,info@merakiskincare.ca,2165434962,
Charlie,charlie@milesfoundation.org,(541)727-8981,
Paris,paris.too@gmail.com,204-293-2292,
Larisha,centralrxnypharmacy@gmail.com,4122779276,
malak abaza,malak.abaza@3ddx.com,5142139000,
Portia Samardzich,portiasamardzich@gmail.com,877-456-0637,
Candice,kandake@kuretea.org,201-509-1643,
Megan,datenightdeliveredwpg@gmail.com,00(34) 667300187,
Christina,chitchcock@advisoryboardinc.com,267-235-8048,
Lisa,lisa@gunskins.com,267-235-8048,504-606-9405
amanda,amanda@carworx.net,,708-280-5885
Kim,kimkessler@outlook.com,8478789685,9166128320
Emily,emily@go-staff.com,7144708696,
Kenneth,ken@incluziv.ca,7182234593,
JOE,joe@silkandjade.com,1-866-834-7925,
Kim,kim@sales.liberatedrootscollection.com,289-659-1929,4842521505
Arron Dobson,arron@cocktail.club,,(919) 260-0603
Ty,ty.laroche@triplefive.com,,4842521505
Darion Balfour,hello@darionbalfour.com,1-866-834-7925,6155827750
nicole,nicolettemarie3@gmail.com,,
,paris.too@gmail.com,561-998-0400,3059227317
Trina Render,trinarender@gmail.com,206-313-4515,864-663-1845
Glen,g.gardone@chocolette.com,,6514109291
Nelsol,n.batalla03@gmail.com,,361236916
Tracy,tracy@cannaromawellness.com,7018820750,(541)727-8981
Alex,alex@healthcbd.co.uk,,289-237-5674
Margaret Hercek,MLHERCEK@GMAIL.COM,7605182431,
Sheila Reyes,knotsgallery@gmail.com,7605182431,
michael,michael.vemstone@gmail.com,,864-663-1845
Kamila,camilliana@yahoo.com,,2017239904
Any Dueck,any@thewildnest.com,(314)4431091,
nikki jones,nikkijones1275@yahoo.com,403 617 4443,
ANDREW VRATIL,andrewvratil@gmail.com,403 617 4443,
Mike,mike@firstpull.com,,
DIDI,didi@apabrandu.com,,
Sacha Dunn,sacha@cgco.co,7806679157,
Jessica,jessicamiller@teamitg.com,760-443-8069,
Zach,info@beardgains.com,714-470-8696,
Deborah Joseph,eborahcandles@gmail.com,714-470-8696,
Matt,ciaholdingsllc@gmail.com,714-470-8696,
Jill,info@pastrybase.com,519 270 6730,
John,kjmeldo@gmail.com,519 270 6730,
Sam,sam@charlipets.com,484) 252-1505,
Tom,tomday@carolinabaycbd.com,,
Dan,dan@dkmediaus.com,,
Hellen Vath,Doughchii@gmail.com,,
John,johncmcallister@gmail.com,,
JAY BANG,jb@eatpuur.com,,
Michael,michael@michaelmariellievents.com,847-367-9100,
Drasko,drasko@vibraxlabs.com,305-812-4920,
James C,jamescavenessculinary@gmail.com,,
Laura,exohcandles@gmail.com,,
Nevin,nevinsmith006@gmail.com,714-470-8696,
DAN,onefastfarmer@yahoo.com,,
Hollie,hollielquick@gmail.com,7046920378,
ALEXIS MARTINELL,alexis.martinelli@aigserv.com,9175433010,
Johhny,johnny.gibson87@gmail.com,,
alexandra,acostammaacosta@chgroup.ca,562-594-7975,
jenna halberstadt,jennahabs19@gmail.com,562-594-7975,
Shah,mitrasweets33@gmail.com,646 246 1441,
margaret,eyevibrate33@gmail.com,312) 366 4247,
HEATHER,contact@wagswagbrand.com,2567977554,
Julie Rianda,jrianda@poshpromos.com,,
April,info@daintygaljewelry.com,3098685290,
Zena,production@hempen.co.uk,,
ERIC,ericbarzelogna@gmail.com,804-776-5119,
Sarah Egberts,sarah.egberts@gmail.com,615-336-7823,
Teresa,teresamarquesbrydges@mail.com,,
BRIAN,brian@dimensions.dance,7067268775,
Bianca Garfias,bianca@wildcraftcare.com,,
Lee Diep,sweetpuritymacarons@gmail.com,7067268775,
MLea Plank,mlea@growwithace.com,,
Nina,nina.bajaj1@gmail.com,209-499-9712,
Eva,sales@paperland.ca,209-499-9712,
Guy,guy.tremblay@gmail.com,3103080349,
Suzzane Fuller,trailtosea@gmail.com,3103080349,
Llakel Hart,llakel@dpsbahamas.com,,
Aaron Byard,info@petfoodplatters.com,,
Emma,em.duehr@gmail.com,615-336-7823,
FLAVIA ZHAMO,zhamo.flavia@gmail.com,4087128559,
Lea,leachman.liz@gmail.com,,
Nabil,nabil_meziani1@yahoo.ca,928 2399305,
Maria,mballezav@gmail.com,562-606-9575,
Jason LaGasse,o2forgellc@gmail.com,4087128559,
David,dberner@shapeez.com,804-776-5119,
Daniel Langley,dlangley101@gmail.com,780-278-8606,
Molly,molly@hooplastudio.com,2149977561,
Laura usky,thesugarmammaz@gmail.com,780-278-8606,
Emahn Hodo,emahnhodo09@gmail.com,,
Martin,mkmcleod10@gmail.com,,
Kelsee McGee,kelsee@itcrowdmarketing.com,,
Kevin,kjmeldo@gmail.com,,
Lorena,Lorena@bbqboutique.net,2149977561,
Silvia,,980-829-2379,
Janasia,justskinnyc@gmail.com,,
Allysa Marie Galleros,allysa.uplevel@gmail.com,,
christina,christina@aktenterprises.com,514-353-8955,
April,meetapriljoy@gmail.com,647 824 7344,
Souraya,hello@figerie.com,8123408393,
Cindy,theproudbeak@gmail.com,401-248-5125,
Timika Georges,flippinbodyz@gmail.com,4165432009,
Khader,donutdudeschi@gmail.com,3103791175,
Andrew Shrum,as072091@gmail.com,4388208355,
young,purchasing@bio-therapeutic.com,,
Melissa Lunt,hello@naturelusa.com,3862371894,
Jarod Figueira,cogentfigueira@gmail.com,,
Sabrina,lutfiyevas@gmail.com,9053769048,
Lesslie,leslie@cooksventure.com,5054355335,
Justin Watts,justinwatts@blowerband.com,,
osie little,Josiemlittle@gmail.com,,
Kim,Kimberleighacrump@gmail.com,,
Joeara,joeara.riley@yahoo.com,,
Khloé,communication@profusion.global,615-336-7823,
Natalla,toughguyscookies@yahoo.com,615-336-7823,
Sara,saramcintyre01@hotmail.com,,
Ken Fischer,ken@promofisch.com,905-946-1118,
Arden,kindcbdflowers@gmail.com,514-709-6458,
Anita,kishcandles91@gmail.com,,
Kevin,kevins@mdpen.co,8057981061,
khloe,communication@profusion.global,2423975700,
Dan Hill,Davesdoobies@hotmail.com,647-350-3438,
Alviana Crosley,nicolelajae@gmail.com,647-350-3438,
Deana,deana@peekaboobeans.com,5634510763,
Chelsea,cnhenhoeffer@gmail.com,714-470-8696,
Anna,frchielite@gmail.com,4169850614,
François,fveilleux1992@hotmail.com,,
Charles,charles.chen@yamibuy.com,,
Hiba,mkt@ammgent.com,,
Baicu Andrei,baicuandrei62@gmail.com,,
Matthys,matt@dutchdogdesign.com,7862386091,
Charles,blackknighthempco@gmail.com,7862386091,
taher,tahersyed439@gmail.com,7862386091,
Jenna Olmsted,jenna_olmsted@hotmail.com,910-333-5041,
Alex,alex@greenfieldenterprise.com,910-333-5041,
Kevin,kevin@blackbirdcarpentry.com,,
Darcel Higgins,Hollishandspostiche@gmail.com,,
Charles,charles@flowgardens.com,877-360-8426,
Cathleen M Mitchell!,cathleen@kayahempco.com,,
Breonna Boylan,bboylan@otistec.com,6158157469,
Katie Blais,salesassistant@rosatigroup.com,(541)727-8981,
Solstice,solsticeherbaltea@gmail.com,8687868985,
Breonna,bboylan@otistec.com,,
Dustin,avaloocbd@gmail.com,913-777-5959,
Brittany Krake,hello@skncology.com,913-777-5959,
Antika,hello@antiklakay.com,,
Darcy Start,rocket.start7171@gmail.com,6302409244,
Kristina Patrick,kristina@elevationbrandsadv.com,2243186550,
Stephanie Parks,sparks@shepherdagency.com,,
Shah,Shahrushi@gmail.com,,
Zach,zach@gr33nsolutionsco.com,,
Maria Gas,xyrysmaria@generationecom.com,8176822752,
Elena,elena.nikela@gmail.com,,
Lyliana,Lyliana.FregosodeKruse@pomona.edu,954 940-2495,
Emily Majzer,emily@luxbotanics.com,,
Jack,suckerscandyco@gmail.com,8687868985,
Russ,rtcenergy@gmail.com,7185066082,
Chris,cheis@wagoner.io,,
Kaushik Patel,kp@adiyapharma.com,321 593 0206,
Marie Grimes,mgrimes@conjuredintentions.com,8182039507,
mark,mjueng1@gmail.com,8182039507,
Janell,janell@jtcandle.com,,
Alecia,alecia@pearldesigninteriors.com,780-953-5319,
Kathy Feketik!,kbathkraze@gmail.com,780-953-5319,
Simone,simonemyrie@gmail.com,9174761209,
LaToria,Latoriagonzalez@gmail.com,4437416432,
DeMetris Anderson,info@byzoeylove.com,7083740120,
Natalie,ncornies@hotmail.com,,
Brian,dankhousesupplyco@gmail.com,,
Modren,modernmedicalfactory@gmail.com,5126264636,
Lis,Laurie.Lis@charter.com,4162628631,
Val,VFriedman@agu.org,5126264636,
Ron,SunValleyPG@bellsouth.net,6306563555,
Justin,justbond76@yahoo.com,646.647.4706,
Niamh,niamh@propercloth.com,,
Brenda,bgunter1221@gmail.com,(769)233-3614,
Jarred smith,jarredsmith1@aol.com,,
David,david.ayers@spartanhempworks.com,7083740120,
Peter,peter@realnycbd.com,,
,,,
Rahil,info@rushordersigns.com,514.935.3337,
Tony,tbowen@jamaicachoicefoods.com,,
Nicolas Boisvert,nicolas.boisvert@2ndskin.ca,6478341479,
corrie oliveira,Info@eventgraffiti.com,8452224902,
Sam,samnobel@gmail.com,8313349711,
Steven,steven@shelbygreengroup.com,4163175921,
Kolby Kimball,kolby.wylde@gmail.com,6784272299,
Tanya,admin@trexdistillery.ca,6784272299,
Alice,alice@woomwomen.com.au,514.935.3337,
Devon,devon@hempyretx.com,8313349711,
Jeff,jeff@beediamond.com,4178481953,
Jeremy Frank,jfrank202@gmail.com,8159959922,
Llakel,llakel@dpsbahamas.com,7788142488,
Michal,michael.james.park@gmail.com,2267915620,
,manifestyournest@gmail.com,,
Garrett,gmorand@clearskycannabis.com,4182645632,
Alexia Fowler,alexia.p.fowler@gmail.com,2162550819,
Steve,steven@shelbygreengroup.com,2162550819,
jfrank202@gmail.com,jeremy@coralvue.com,8475253335,
Mustafa Aldelemi,Mustafaaldelemi8@gmail.com,,
jason schiermeyer,gaga4toyz@sbcglobal.net,,
Josh,josh.francis@fio-usa.com,,
Michael,mkeresh04@yahoo.com,7726331134,
Jen,jenn@jennartdesign.com,6823300766,
Kevin,kevin@paxnutraceuticals.com,,
Leo Cortes,wzrdpow@gmail.com,,
Janell,info@jtcandle.com,9514177621,
Jeremy Rykiel,jeremy@coralvue.com,773-905-9632,
Tina,tina@wellerdental.com,9044777331,
Peter,alternacomics@hotmail.com,773-905-9632,
Martha,marthaleon951@gmail.com,9176268270,
Laramie Justice,laramiejustice955@gmail.com,9176268270,
DOUGLAS,brucem@chelseaclock.com,31593484300,
,torreon@regularcandles.com,519-734-6511,
Omid,ecovanacanada@gmail.com,6472142141,
Kellie,kellie@twopoochpaperie.com,3153484300,
Erica Joyce,erica@winewashco.com,6786166627,
Narges,narges.e@magham.ca,661) 877-6747,
Dave,animated.m@live.com,,
Alex,alex@pjjtdistributors.com,3153484300,
Iqball,iqbalwholesale1994@gmail.com,509-853-7318,
Clayton Barbier,vanbierllc@gmail.com,,
Vinicius Barreto,vinny.gare@gmail.com,9049624490,
betty ngai,bettyn@earthlink.net,9049624490,
Will,willitfreez@gmail.com,3153484300,
Glenn,g.gardone@chocolette.com,8477229192,
Jennifer,jenniferksutherland@gmail.com,781 4391217,
Camilla Sposito,camilla@umcomex.com,,
Katie white,katie@ivivalife.com,,
Sebe Ayele,sebbeauty20@gmail.com,,
Jordan,jordan@alterrawife.com,,
Libby Shelley,libby@woodenitbelovely.love,,
Raynardo Christie,rbwcompany@gmail.com,,
Natalie Weinberg,natalie.weinberg@gmail.com,,
kARI,karikarirose@gmail.com,909-607-9281,
Shelly,office@hrcff.org,8046158294,
Name,Email,4169195225,
test,test,713-252-0859,
Jessica Henninge,info@kutiks.com,,
Art,art@barrelagedhospitality.com,2677688538,
Erin Stoner,erin@srconfections.com,713-252-0859,
Matthew Baker,mbaker@mtbcnc.com,31593484300,
Allison K Balaguer,allison.kailey@gmail.com,,
Bridget,bridgetcerq@gmail.com,504-237-3909,
Alex,alex@neopcbuilds.com,7602886904,
David Helwani!,dhelwani@hotmail.com,,
Dan Cott,dancott@yandex.com,(832) 466-5455,
Robyn,robyn@western-farms.com,2162729485,
Fery,bookin105sh@gmail.com,206-313-4515,
Joe J!,joe@misccorporation.com,206-313-4515,
karinv,karinv@familymeats.com,,
omid,omid@magham.com,,
Guido,guido@salondisalle.com,,
Starmel Allah!,starmelallah@gmail.com,,
Anna Robles,anna@bobaguys.com,5194950464,
Yadini,admin@ryomiami.com,405-320-0801,
Bev,beverlyopyrchal@gmail.com,206-313-4515,
Ricky panayoty,starmelallah@gmail.com,206-313-4515,
linda friend,eatmebigfatcookie@gmail.com,7067268775,
Jake Cheramie,Raftercfarmsjc@gmail.com,7067268775,
Nick Glazebrook,nick@ava-grey.com,8182039507,
Jesus LLanes,JLLANESMD@MSN.COM,8182039507,
FRANCES!,blackonyxcandlecompany@gmail.com,7605182431,
Ann Peterson,spotterlevelsllc@gmail.com,,
Mauricio,factorcreativolp@gmail.com,,
Annick,design@annicktheriault.com,,
Wendy Pickett,Pickettsigns@gmail.com,954.817.4767,
LINDA DEUTSH!,linda@joebrand.com,4052689221,
ERIC MILLER!,mildude710@gmail.com,,
Hi OLGA WELSH!,mossy.moss@yahoo.com,4432350029,
Yadinni,admin@ryomiami.com,4432350029,
PATRIC!,,,
LULU!,art@lululin.com,413-519-1524,
SHEILA REYES!,knotsgallery@gmail.com,413-519-1524,
christine,Christine@potagersoap.com,7162286855,
Marc,marc@jungleboys.com,,
Dominique,dolowolafe@lightly.travel,6786166627,
Maria Borges,info@magahealthyraw.com,,
Colleen,cjmom61@gmail.com,,
Pelle,pelle@getgoodtaste.com,8182039507,
DAVID!,lnfo@dorsihealth.com,,
Daniela,danibizness@yahoo.com,,
jessie,jessieebrigandi@gmail.com,,
Eric Sadler,lazecandle@gmail.com,9105850836,
Chelsea Espe,cespe@integratedhemp.com,9105850836,
Christen,christen.massey@gmail.com,,
ANNA LOVANH!,annalovanh@gmail.com,,
nadia,nadia.v.littlestar@gmail.com,,
Jennifer Schultz,Crazychickencomics@gmail.com,714-470-8696,
Allie,allie@freedompolicy.com,714-470-8696,
Martin,martin@inandoutgraphics.com,714-470-8696,
SALLY WILSON,salwilso@nmu.edu,714-470-8696,
Elliot,elliot@tandemflyco.com,5165891806,
Ryan,ryan@cannagea.com,,
Ayrial,luxuriouspeace@gmail.com,7067268775,
Jeannie,info@cafebabytogo.com,7067268775,
Rokeya Williams,rokeyawilliams@gmail.com,9105850836,
Jerome,daloneskateboards@gmail.com,9105850836,
Amirah Wyse,mailto:amirahwyse@gmail.com,8182039507,
Bora Mens collection,boramenscollection@gmail.com,418-780-3335,
Jill,jill@waxpoeticcandlebar.com,416-509-8358,
Katie,katie@ivivalife.com,9105850836,
Sand,sandsaromatics@gmail.com,9105850836,
Kristin,kristin.a@gerharzequipment.com,,
corinne,info@lifeofgreen.ca,,
joseph,sales@breathenfresh.com,,
Nash,Nashoh9@gmail.com,3854983577,
Hannah Jones,HannahRhoslyn@gmail.com,587-686-0288,
Charmaine,pnjerrod@gmail.com,,
Lise,lisegaertner@gmail.com,,
MELISSA GENSON!,melissa.genson@hotmail.com,,
Tristan,tristanqstary@gmail.com,8182039507,
Monika Balbinot,monika.balbinot@greenworlddiamonds.ch,,
Enrique,e_o_baller2k@hotmail.com,,
stephanie,stephknits@gmail.com,,
Asif Ahmed,sagehill.halal@gmail.com,,
Philip Hunt,phunt90@embarqmail.com,,
schischa,lschischa@gmail.com,,
JAMES DANIELS!,jimmy.daniels@nupeswagg.com,,
Swati,swatimhaske1985@gmail.com,,
DAVID!,support@intrinsichemp.com,,
Sam Jagersma,real.connected101@gmail.com,,
Alicia,luxcandle.to@gmail.com,2816277833,
Giordana,giordana@bene-mindfulness.ca,(919) 260-0603,
Jamison Sherretts,jamison@csghemp.com,985-718-1466,
Jazmin Magnone,mademenboxing@gmail.com,8182039507,
Shawna Huff,1queenbee1974@gmail.com,9105850836,
kyle hutcheson,kyle@hutchbros.com,,
Tushar,tushars09@gmail.com,,
Yuko,yuko@japanup.jp,,
Danielle,danielle@danielletrofe.com,,
Patricia,tricia@theurbangrape.com,9105850836,
Neville,nevillem@titancondoms.com,,
Robert,dotdancer@gmail.com,,
Kelly,Kelly@andrewhanoun.com,4432350029,
Adam,adam@shikiwrap.com,,
Lia Foster Ujimoto,sachicogifts@gmail.com,,
Lena Magi,hello@be-you-group.com.au,7047462363,
NATALIE MILLER!,nataliepassmiller@gmail.com,3172964951,
Arron,arron@cocktail.club,,
david,david@honesthistorymag.com,985-718-1466,
Ashlee,foxashlee1985@gmail.com,,
David Baker,davidbakerinc@gmail.com,,
ROBERT ROTONDO,ctcardexchange@aol.com,5163046733,
Ambuj Vats,ambuj@ecomcouch.com,(919) 260-0603,
sarah,info@kinberg.ca,(919) 260-0603,
Andrea Descargar,ecovanacanada@gmail.com,708-336-0657,
Linda Pagnotta,linda.pagnotta@sodexo.com,,
Mani,capital96@outlook.com,6176318401,
Isaac,isaacalexvz@gmail.com,,
KATIE SCHMID,dingusdesignssup@gmail.com,,
Senchara Chadwick,schadwick88@gmail.com,216.644.0216,
Chris,chris.latchford21@gmail.com,5082089825,
Justin Kicklighter,justin@rdymfg.com,8687868985,
Tyler,tyler.nadeau65@icloud.com,,
Amanda,amanda@balanceinstyle.com,,
Brittany,brittany.pavao@gmail.com,,
Bann Matson,banmatson@gmail.com,,
Tony,info@billoos.com,,
Leigh Fernandez,leigh@nugevity.com,,
Alex Portee,pjjtdistributors@gmail.com,,
Damien Weller,darien.r.weller@gmail.com,,
Elizabeth,Elizabethwilson0@yahoo.com,504-606-9405,
Jas,jasmarie121@gmail.com,708-280-5885,
Anita,amiller@dani-toronto.com,708-280-5885,
JOYCE DOWRIDGE,jldcards2@gmail.com,9546571359,
Anita Miller,amiller@dani-toronto.com,9166128320,
HEATHER BIAGAS,lilmamaintx@yahoo.com,,
RYLAN KODAK,rkodak500@gmail.com,,
Douglas Mandel,douglas@specandle.com,,
Libby Shelley,Libshelley@gmail.com,4842521505,
Desiree thomas,skinateleven@gmail.com,,
Rony,rony@ronys.restaurant,(919) 260-0603,
"RAVAUGHN CROWL""EY",raythedesigner1@yahoo.com,4842521505,
Katie Wagner,mailto:kwagner@pmc-sc.com,6155827750,
RILEY CONNOR,riley@praxispr.ca,,
steve,steve@emeraldcoastdisti.com,3059227317,
Robin,willyg.ecc@gmail.com,864-663-1845,
Eloisa Leiva,"eloisa@cocinamilonga.com,",6514109291,
TORBEN NIELSEN,ntcusainc@gmail.com,361236916,
JOSEPH MAJORS,J@breathenfresh.com,(541)727-8981,
Flo,mbaker@mtbcnc.com,289-237-5674,
CORTINA NELSON,liteavibe820@yahoo.com,,
ANGELA BETZ,angela.betzz@outlook.com,,
MIRENA CUSANO,animaluxurycandles@gmail.com,864-663-1845,
JUSTIN STOCKE,jstocke109@gmail.com,2017239904,
NINA NIKOLAYEVA,nina.vvlogistics@gmail.com,,
JESSIE,jcourtney@suttonplanning.ca,,
Jeff Haigler,jeff@beediamond.com,,
Vish,lightnlovee@gmail.com,Phone,
LINDA KHMELNYTSKA,linda.khmelnytska@gmail.com,test,
Jennifer,jennifer.mazkirah@gmail.co,-,
Megan Lewis,megan.leslie.lewis@gmail.com,630-235-1002,
Carrie Caruso,carriehcaruso@gmail.com,630-235-1002,
Sharon,Shaaolinc@gmail.com,504-606-9405,
mariam nichols,info@fromtheearthcanada.com,630-235-1002,
Warren W. Currier Jr.,gig@lightlink.com,7575242692,
Alanna Reece,alanna@alanna.io,6048422744,
Cathy Cheung,sinfullycath@gmail.com,6198844577,
Alyssa Bull,alyssa.bull@arterracanada.com,9727639809,
D'Arcy Demoe,ddemoe@harvestcatering.ca,-,
Jamie,finance@thelionproject.org,9727639809,
Priscilla Suh,info@icrewusa.com,9172395122,
Brian,bondracek@pioneerclubs.org,-,
Brittany OLeary,bcavicchia@gmail.com,-,
Catherine Ho,homadesweetsllc@gmail.com,-,
peter merzbacher,pete@merzbachers.com,3233360093,
sheikh ahmed,eleganvera@gmail.com,3233360093,
Jean-Paul,jp.blanchet9@gmail.com,630-235-1002,
john acosta,jacosta2611@gmail.com,403-392-7727,
Andre,tga088@aol.com,-,
emily shea,info@floxhair.com,-,
Priti Jain,pritihennaart@gmail.com,3479449723,
Yanik,yanik@envsnfestival.com,3479449723,
Inder Panesar,inder.k.panesar@gmail.com,3479449723,
Mike,contactus@driviagame.com,9727639809,
diane,dianni3@hotmail.com,9727639809,
Ty,info@eustressinc.org,7077616167,
Christina Thomas,c.thomas119@gmail.com,7867734431,
Via Duality,viaduality@gmail.com,9727639809,
Laura Vogel,Laura.m.vogel@gmail.com,-,
Carmen Barner,carmybarner@aol.com,-,
Victoria Brannigan,thequeenslovelythings@gmail.com,-,
Karen Tirado,sienaspasta@gmail.com,3479449723,
Jose Delahoz,p.delahoz@canably.com,-,
Macey,macey@allstateroof.com,(985)637-2493,
Nohany Amorim,worthyourpenny@yahoo.com,773-480-6975,
Leanne,siblingsoapcompany@gmail.com,(305) 219-3398,
Sarah,sarahafloyd96@gmail.com,1111111,
jan,idoloans127@aol.com,4252385117,
Kristen Cardinal,info@sincerelyroots.com,-,
Aron Garcia,malaia@40moons.com,4252385117,
vanessa,libosvanessa@gmail.com,5149514757,
Matthys van Leeuwen,matt@dutchdogdesign.com,-,
Ryan bray,mydamnpaint@gmail.com,9567449463,
Aubriana Labajo-Duran,adorkablegeeks@gmail.com,6199259621,
jennele moschella,partystuffers@gmail.com,7088290399,
Gary Louis Williams,garyw3034@gmail.com,-,
Tyanna Robertson,robertsontyanna@gmail.com,3238403667,
natalie,natalie.weinberg@gmail.com,7138536537,
Massiel Guerrero,mas@legacyprinthouse.com,3058124920,
Thomas Stuart,tstuart@thermea.ca,-,
Ari,sparklemilo633@gmail.com,-,
Lori,Llricemd@gmail.com,517-898-4064,
Michael,michael.ortiz@corporsolutionsllc.com,6789719588,
Sarah (send that quote under asad $1080),sarahafloyd96@gmail.com,-,
R Edwards,wheatpennyprovisions@gmail.com,517-898-4064,
Jasmine,jcvelazquez88@gmail.com,7135430811,
Flo,flokagan120@gmail.com,7135430811,
Kim,sales@classicgoldenpecans.com,2677164492,
Kiki Tsui,Kiki.tsui@thinklucid.com,-,
Jeans pauls,jp.blanchet9@gmail.com,-,
Havina,havina.maheshan@gmail.com,-,
David,alex@brazentree.com,-,
Torreon,torreon@regularcandles.com,-,
"jason koch,",jmk81@comcast.net,-,
Scott Jorden,scott.jordan@clippercorp.com,(504) 838-8200,
Cesar,abbottcesar@hotmail.com,3432620601,
Ong Shia,shiayee7@gmail.com,-,
Philippe,lemacaron.milwaukee@gmail.com,602-570-6719,
jaffree,jaffree.brown@crowdriff.com,-,
Andrea Klein,andrea.wright@bvisage.com,-,
Grant,grantdaignault@gmail.com,-,
Riyaadh Essack,riboy7@zufasarimo.com,7192859199,
Simeaka,simeaka@deargirlscamp.com,970 294-9646,
Kelsey Adams,info@etch.life,323.977.8443,
Alex,AFurquim@starfishmedical.com,-,
Kalli Biegger,kalli.biegger@gmail.com,-,
AJ Blum,info@blumloco.com,-,
Jim Minidis,jim@28npg.com,-,
Ryan,1x767rk@gmail.com,-,
Tasty Kitchen Creations,tastykitchencreations@gmail.com,575-418-3135,
Suzanne Appe,suzanne@youngceosquad.com,575-418-3135,
mindy,missmindychan@gmail.com,9039480345,
Kelsey,kelseyh7590@hotmail.com,6466647497,
Company Trinity Parfum Inc,trinity@trinityperfumes.com,616-204-4316,
Maricela,spistyles@icloud.com,864-663-1845,
LYN Ross,ladylynnsumner@gmail.com,9054314187,
melissa,melissa@scottprintng.com,(315) 463-0639,
Victoria Gabrielle!,victoriagabriellellc@gmail.com,(315) 463-0639,
Cody Mead,mysupplypeople@gmail.com,(315) 463-0639,
Massimo,massimo@anconajewelers.com,-,
holly fultz,hollyfultz@yahoo.com,877-493-7374,
Dasha Zolota,creative@maisonzolts.com,-,
P bryant,paj_couture@yahoo.com,-,
Nat Medeiros,nat@gatewayvc.ca,240-485-4290,
anudeepan,anudeepan@eninearts.com,7786790123,
Judy Webb,Glencoegourmet@gmail.com,7786790123,
Lisa Kent,lisa.kent@ask.vet,7786790123,
Leah Grace Jayso,Leah.j@taskjseveryday.com,-,
Lucy Dean,lucy@lucygrymes.com,-,
Yeh,yeh.freundlich@gmail.com,-,
Michelle Gehris,mcgehris@gehrislaw.com,-,
Clint McKague,clintmckague@hotmail.com,-,
Susan,ssnleblanc@rogers.com,-,
Dave Titus,dave@strainz.com,3306470280,
Dhwani Satasia,sweetbrick20@gmail.com,817-528-5283.,
Oscar Cazares,ocmc513@gmail.com,-,
Joko Darboe,jokodarboe16@yahoo.com,-,
jun kim,ecligner5782@gmail.com,203-216-1598,
Devendra Patel,hdpin@yahoo.com,203-216-1598,
Stelana,stelanaburns@gmail.com,403.399.7776,
Nichole Thomas,savagerosecandles@gmail.com,7654273685,
Hannah Glover,hannah@island-products.com,877-493-7374,
ck,ckwun0605@gmail.com,8452901942,
Jaimie,callit5grace@gmail.com,877-493-7374,
Andrew FUN,andrew@funinc.com,6186103540,
Angelique Teodosio,angelique@johnsonsgadgets.com,-,
Ollyvia Putri,lapis.chicago@gmail.com,-,
Alexa,alexa@dripcannabinoids.com;hannah@dripcannabinoids.com,6128676684,
Willi,willitfreez@gmail.com,-,
natasha,tasharyz@gmail.com,647-992-1993,
phil baden,PBaden@baesman.com,6318275284,
Bradley De Leon,deleon.bradleyx@gmail.com,4843357133,
luke schneider,forestdaleincense@gmail.com,4843357133,
josh,rjsinger@jjse.ca,509-919-5364,
Tom,mr.tom2g@gmail.com,2193939138,
shane,shanewatson363@outlook.com,2017577710,
Sevil Deljavan,sevil@thegoodsoy.com,3103293130,
Yuriy!,qspors@gmail.com,2017577710,
Dan,dan@rocketfarmstudios.com,347.946.2712,
Hunter DePorter,medplant@four20labs.com,509-919-5364,
carl,dionigj@gmail.com,7654273685,
Jeannette Yeon,jyeonbzk@gmail.com,3103293130,
Accardo,thesticechef@yahoo.com,3103293130,
john,johnq.launchpadsolutions@gmail.com,,
jonsey wood,jonesy@jonesywood.com,877-493-7374,
Sara Fownes,sara.laura.ross@outlook.com,9148445520,
Andrea,diyhomedecorbox@gmail.com,-,
jen sharp,Jen@teamworksmfg.ca,-,
macro,mocro3@gmail.com,902 669 1229,
Mu Yin,mu.yin@mxqlifewater.com,773-454-9242,
Mike,contact@sthelenshempworks.com,516-589-1806,
Karson Michelle,neakitaflorals@gmail.com,416-819-0602,
Justin,justin@joyteriyaki.com,3103293130,
Dustin,DLeighton@postoakmotors.com,0412 799 928,
Max,max@freshleafbrands.com,0412 799 928,
Solana,solana.business@gmail.com,0412 799 928,
Arvin,arvin@torisho.ca,9046526465,
Crystal Teesdale,crystalteesdale@gmail.com,-,
Trish,tveneziano@conproco.com,7143986806,
chris,chris@missionnutrition.com,7143986806,